login,full_name,created_at,stargazers_count,watchers_count,language,has_projects,has_wiki,license_name
tarsius,tarsius/.github,2019-12-05T17:14:31Z,1,1,Makefile,False,True,
tarsius,tarsius/backline,2018-10-30T15:25:07Z,29,29,Emacs Lisp,False,False,GNU General Public License v3.0
tarsius,tarsius/bicycle,2017-08-06T11:23:07Z,59,59,Emacs Lisp,False,False,GNU General Public License v3.0
tarsius,tarsius/dim-autoload,2013-09-19T18:30:49Z,5,5,Emacs Lisp,False,False,GNU General Public License v3.0
tarsius,tarsius/elisp-maintainers,2017-09-21T19:28:28Z,177,177,,False,False,
tarsius,tarsius/emacs-ffi,2020-03-11T17:24:52Z,1,1,C,True,True,
tarsius,tarsius/emacs-modules-doc,2020-08-30T21:35:40Z,1,1,Ruby,False,False,Apache License 2.0
tarsius,tarsius/emacsair.me,2017-09-01T10:11:34Z,4,4,CSS,False,False,
tarsius,tarsius/frameshot,2018-02-26T13:51:35Z,43,43,Emacs Lisp,False,True,GNU General Public License v3.0
tarsius,tarsius/fwb-cmds,2008-11-30T01:10:33Z,8,8,Emacs Lisp,False,False,GNU General Public License v3.0
tarsius,tarsius/gitstats,2022-03-06T21:40:39Z,1,1,Python,True,True,
tarsius,tarsius/hl-todo,2013-03-10T21:34:21Z,427,427,Emacs Lisp,False,True,GNU General Public License v3.0
tarsius,tarsius/imake,2017-10-06T11:56:19Z,7,7,Emacs Lisp,False,False,GNU General Public License v3.0
tarsius,tarsius/imapfilter,2015-04-07T23:55:06Z,3,3,Emacs Lisp,False,False,
tarsius,tarsius/keycast,2016-12-17T01:16:56Z,312,312,Emacs Lisp,False,True,GNU General Public License v3.0
tarsius,tarsius/keychain-environment,2011-02-16T10:52:38Z,54,54,Emacs Lisp,False,False,
tarsius,tarsius/keymap-utils,2009-02-14T16:39:03Z,10,10,Emacs Lisp,False,False,GNU General Public License v3.0
tarsius,tarsius/killer,2009-02-14T16:39:29Z,7,7,Emacs Lisp,False,False,
tarsius,tarsius/kludges,2016-12-17T01:15:29Z,1,1,Emacs Lisp,False,False,GNU General Public License v3.0
tarsius,tarsius/llama,2024-08-10T21:22:27Z,2,2,Emacs Lisp,False,False,GNU General Public License v3.0
tarsius,tarsius/map-progress,2010-07-14T19:45:17Z,4,4,Emacs Lisp,False,False,
tarsius,tarsius/map-regexp,2013-04-24T15:41:15Z,5,5,Emacs Lisp,False,False,
tarsius,tarsius/minions,2018-02-11T13:57:09Z,287,287,Emacs Lisp,False,True,GNU General Public License v3.0
tarsius,tarsius/mode-line-debug,2012-05-26T21:54:10Z,12,12,Emacs Lisp,False,False,GNU General Public License v3.0
tarsius,tarsius/moody,2018-02-08T15:23:42Z,402,402,Emacs Lisp,False,True,GNU General Public License v3.0
tarsius,tarsius/morlock,2013-06-24T11:07:08Z,13,13,Emacs Lisp,False,False,GNU General Public License v3.0
tarsius,tarsius/notmuch-addr,2024-08-05T16:07:30Z,5,5,Emacs Lisp,False,False,GNU General Public License v3.0
tarsius,tarsius/notmuch-maildir,2024-08-05T16:07:12Z,2,2,Emacs Lisp,False,False,GNU General Public License v3.0
tarsius,tarsius/notmuch-transient,2024-08-05T16:06:30Z,2,2,Emacs Lisp,False,False,GNU General Public License v3.0
tarsius,tarsius/ol-notmuch,2024-08-05T16:07:55Z,5,5,Emacs Lisp,False,False,GNU General Public License v3.0
aalmiray,aalmiray/a,2023-08-29T17:36:23Z,0,0,Java,True,True,Apache License 2.0
aalmiray,aalmiray/aalmiray,2021-06-29T14:52:31Z,2,2,,True,True,
aalmiray,aalmiray/addressbook,2012-03-15T21:48:09Z,7,7,Groovy,True,True,
aalmiray,aalmiray/alf.io,2015-01-29T19:27:32Z,0,0,Java,True,True,GNU General Public License v3.0
aalmiray,aalmiray/app,2021-04-04T17:13:40Z,2,2,Java,True,True,Apache License 2.0
aalmiray,aalmiray/app-appimage,2022-08-12T11:14:52Z,0,0,Shell,True,True,Apache License 2.0
aalmiray,aalmiray/app-docker,2021-12-12T13:24:43Z,0,0,Dockerfile,True,True,Apache License 2.0
aalmiray,aalmiray/app-sd,2022-08-03T15:20:21Z,0,0,Java,True,True,Apache License 2.0
aalmiray,aalmiray/appassembler,2021-03-17T09:50:43Z,1,1,,True,True,MIT License
aalmiray,aalmiray/asciidoctor-piglatin-example,2014-08-20T11:38:29Z,0,0,Groovy,True,True,
aalmiray,aalmiray/asciidoctorj-tabbed-code-extension,2020-04-29T18:04:35Z,0,0,,True,True,Apache License 2.0
aalmiray,aalmiray/asdf-app,2022-07-26T19:24:36Z,0,0,Shell,True,True,Apache License 2.0
aalmiray,aalmiray/asdf-jreleaser,2021-04-10T17:05:02Z,0,0,,True,False,Apache License 2.0
aalmiray,aalmiray/asn-one,2023-02-20T15:55:38Z,0,0,,True,True,Apache License 2.0
aalmiray,aalmiray/awesome-gradle-plugins,2016-10-27T08:10:08Z,51,51,,True,True,
aalmiray,aalmiray/azure-gradle-plugins,2019-01-31T14:35:58Z,0,0,Java,True,True,MIT License
aalmiray,aalmiray/b,2023-08-29T17:37:40Z,0,0,Java,True,True,Apache License 2.0
aalmiray,aalmiray/bisq2,2021-07-19T13:18:56Z,1,1,Java,True,True,
aalmiray,aalmiray/caching-benchmarks,2017-08-25T19:32:17Z,0,0,,True,True,
aalmiray,aalmiray/CalendarFX,2021-11-07T15:03:30Z,0,0,,True,True,Apache License 2.0
aalmiray,aalmiray/capitalize-titles,2023-02-02T12:23:46Z,0,0,,True,True,Apache License 2.0
aalmiray,aalmiray/chocolatey-bucket,2021-04-09T22:00:36Z,0,0,PowerShell,True,True,
aalmiray,aalmiray/chocolatey-mcs,2022-10-16T18:23:54Z,0,0,PowerShell,True,True,MIT License
aalmiray,aalmiray/classifieds,2012-02-16T10:50:37Z,1,1,Groovy,True,True,
aalmiray,aalmiray/clirr-gradle-plugin,2014-11-22T21:21:13Z,11,11,Groovy,True,True,Apache License 2.0
aalmiray,aalmiray/cloudevents-sdk-java,2023-05-23T15:46:37Z,0,0,Java,True,True,Apache License 2.0
aalmiray,aalmiray/commons-jexl,2023-04-28T15:07:12Z,0,0,,True,False,Apache License 2.0
aalmiray,aalmiray/curso-java,2024-02-19T19:24:57Z,1,1,Java,True,True,
aalmiray,aalmiray/cyclonedx-cli,2022-11-25T10:22:01Z,3,3,C#,True,True,Apache License 2.0
aalmiray,aalmiray/dagger,2022-08-25T17:37:37Z,0,0,CUE,True,False,Apache License 2.0
marcoroth,marcoroth/.github,2023-03-26T00:59:52Z,0,0,,True,True,
marcoroth,marcoroth/action-cable-redis-backport,2023-10-17T02:44:41Z,0,0,,True,True,MIT License
marcoroth,marcoroth/activemodel-associations,2023-03-18T23:53:15Z,0,0,,True,True,MIT License
marcoroth,marcoroth/alpine_reflex,2020-10-14T08:56:59Z,0,0,Ruby,True,True,
marcoroth,marcoroth/architecture-decision-record,2021-05-30T13:06:51Z,0,0,,True,True,
marcoroth,marcoroth/astexplorer,2024-05-20T07:18:10Z,0,0,,True,False,MIT License
marcoroth,marcoroth/async-websocket-with-inactive-tab,2022-12-30T02:19:58Z,1,1,HTML,True,True,
marcoroth,marcoroth/avo,2024-08-19T13:17:18Z,0,0,,True,False,Other
marcoroth,marcoroth/awesome-ruby,2020-05-09T14:28:10Z,0,0,,True,True,
marcoroth,marcoroth/awesome-stimulusjs,2020-06-01T14:40:42Z,0,0,,True,False,Creative Commons Zero v1.0 Universal
marcoroth,marcoroth/beast_mode,2021-04-20T22:05:55Z,0,0,,True,True,
marcoroth,marcoroth/better-stimulus,2023-02-18T01:53:10Z,1,1,SCSS,True,True,MIT License
marcoroth,marcoroth/boxdrop,2020-05-13T23:32:51Z,80,80,Ruby,True,True,MIT License
marcoroth,marcoroth/bridgetown,2022-08-21T19:57:21Z,0,0,Ruby,True,False,MIT License
marcoroth,marcoroth/cable-streams,2022-04-10T14:16:22Z,26,26,TypeScript,True,True,MIT License
marcoroth,marcoroth/cable-streams-rails,2022-04-12T01:28:35Z,6,6,Ruby,True,True,MIT License
marcoroth,marcoroth/cable_ready,2020-10-28T11:27:29Z,2,2,Ruby,True,True,MIT License
marcoroth,marcoroth/cable_ready-dsl,2021-03-27T14:49:14Z,0,0,Ruby,False,False,MIT License
marcoroth,marcoroth/cable_ready.cr,2020-10-31T17:45:23Z,10,10,Crystal,True,True,MIT License
marcoroth,marcoroth/calcometer,2023-10-21T23:27:02Z,0,0,,True,True,Creative Commons Zero v1.0 Universal
marcoroth,marcoroth/catalog,2024-05-28T20:21:46Z,1,1,,True,False,MIT License
marcoroth,marcoroth/composite_primary_keys,2022-11-02T18:28:25Z,0,0,Ruby,True,True,
marcoroth,marcoroth/conventional_extensions-repro,2022-11-11T23:11:28Z,0,0,Ruby,True,True,
marcoroth,marcoroth/cubism,2021-10-14T08:13:45Z,0,0,,True,True,MIT License
marcoroth,marcoroth/current.js,2023-01-25T20:23:07Z,197,197,TypeScript,True,False,MIT License
marcoroth,marcoroth/dartsass-rails,2022-11-04T21:15:36Z,0,0,,True,True,Other
marcoroth,marcoroth/dependabot-bump-together-action,2020-03-25T11:21:38Z,8,8,Ruby,True,True,MIT License
marcoroth,marcoroth/devise,2023-04-21T21:51:12Z,0,0,,True,True,MIT License
marcoroth,marcoroth/dhs,2021-04-03T21:48:16Z,0,0,,True,False,GNU General Public License v3.0
marcoroth,marcoroth/easy_enum,2019-05-02T00:04:26Z,13,13,Ruby,True,True,MIT License
klmr,klmr/.files,2013-11-22T22:59:05Z,2,2,Shell,True,True,Apache License 2.0
klmr,klmr/.tmux,2014-03-22T00:55:48Z,1,1,,True,True,MIT License
klmr,klmr/.vim,2019-05-28T13:28:16Z,0,0,Vim script,True,False,MIT License
klmr,klmr/aka,2024-07-21T09:24:08Z,6,6,R,True,True,MIT License
klmr,klmr/altrepisode,2018-09-19T10:04:31Z,0,0,C++,True,True,Other
klmr,klmr/amplimap,2019-04-08T15:16:03Z,0,0,Jupyter Notebook,True,True,Apache License 2.0
klmr,klmr/argx,2013-02-06T13:53:01Z,0,0,Python,True,True,
klmr,klmr/arvados,2023-03-30T16:35:05Z,0,0,,True,False,Other
klmr,klmr/awesome-R,2024-02-08T11:20:34Z,0,0,,True,True,
klmr,klmr/bedtools2,2014-08-11T09:28:56Z,1,1,,True,True,GNU General Public License v2.0
klmr,klmr/biobambam2,2019-12-10T15:10:22Z,0,0,,True,True,Other
klmr,klmr/BiocWorkflow2016,2016-08-26T14:48:39Z,0,0,TeX,True,True,
klmr,klmr/bog-2015-poster,2015-04-30T15:13:25Z,1,1,PostScript,True,True,
klmr,klmr/box,2013-05-22T16:03:42Z,867,867,R,True,False,MIT License
klmr,klmr/brew,2014-10-13T14:58:32Z,0,0,,True,True,
klmr,klmr/callr,2021-05-16T21:21:43Z,0,0,R,True,True,Other
klmr,klmr/Catch,2012-05-23T10:17:33Z,0,0,C++,True,True,Boost Software License 1.0
klmr,klmr/Code-used-on-Daniel-Lemire-s-blog,2012-06-20T20:20:53Z,0,0,C++,True,True,
klmr,klmr/codons,2014-12-04T14:30:55Z,1,1,R,True,True,Apache License 2.0
klmr,klmr/colorout,2020-04-15T21:18:17Z,0,0,,True,True,
klmr,klmr/common,2023-10-25T14:57:10Z,0,0,,True,True,Creative Commons Zero v1.0 Universal
klmr,klmr/conflicted,2024-02-21T17:53:23Z,0,0,,True,True,Other
klmr,klmr/cpp11,2021-03-30T10:07:22Z,0,0,,True,False,Other
klmr,klmr/cpp11-range,2012-09-02T21:17:24Z,306,306,C++,True,True,Other
klmr,klmr/cpp11-raw-ptr,2012-05-01T23:08:26Z,2,2,C++,True,True,
klmr,klmr/cv,2015-05-28T21:38:16Z,6,6,TeX,True,True,
klmr,klmr/decorator,2015-09-04T17:07:30Z,35,35,R,True,True,Apache License 2.0
klmr,klmr/devtools,2021-02-09T00:23:34Z,0,0,,True,True,
klmr,klmr/efficientR,2016-05-09T22:53:59Z,2,2,R,True,True,
klmr,klmr/example-r-analysis,2016-09-09T16:29:59Z,12,12,R,True,True,Other
MrNeRF,MrNeRF/3d-game-shaders-for-beginners,2021-04-25T19:44:44Z,1,1,,True,False,"BSD 3-Clause ""New"" or ""Revised"" License"
MrNeRF,MrNeRF/ACMMP,2024-01-07T13:12:51Z,3,3,C++,True,True,MIT License
MrNeRF,MrNeRF/Algos,2019-09-06T20:42:24Z,0,0,Python,True,True,
MrNeRF,MrNeRF/asciiinvaders,2018-07-03T10:39:43Z,0,0,C,True,True,
MrNeRF,MrNeRF/AutonomousCar,2018-06-09T13:22:54Z,0,0,C++,True,True,
MrNeRF,MrNeRF/awesome-3D-gaussian-splatting,2023-10-15T12:08:17Z,6029,6029,,True,True,MIT License
MrNeRF,MrNeRF/colmap-parameters,2024-02-23T12:21:49Z,0,0,,True,True,
MrNeRF,MrNeRF/computervision-,2019-05-11T12:25:19Z,0,0,C,True,True,
MrNeRF,MrNeRF/CppCoreGuidelines,2019-10-09T08:38:19Z,0,0,,True,True,Other
MrNeRF,MrNeRF/cppcoro,2022-09-12T19:28:49Z,0,0,,True,False,MIT License
MrNeRF,MrNeRF/cuda_libtorch_googletest_template,2023-07-21T20:41:15Z,5,5,Cuda,True,True,MIT License
MrNeRF,MrNeRF/cv,2022-06-21T19:46:35Z,0,0,C,True,True,
MrNeRF,MrNeRF/dotfiles,2019-09-01T15:15:01Z,0,0,Shell,True,True,
MrNeRF,MrNeRF/dreamgaussian,2023-09-28T17:21:26Z,0,0,,True,False,MIT License
MrNeRF,MrNeRF/GAGAvatar,2024-10-13T11:39:52Z,0,0,,True,True,MIT License
MrNeRF,MrNeRF/GAGAvatar_track,2024-10-13T11:40:16Z,0,0,,True,True,Other
MrNeRF,MrNeRF/gaussian-splatting-cuda,2023-07-30T19:55:48Z,907,907,C,True,True,Other
MrNeRF,MrNeRF/gaussian_splatting_unofficial,2024-10-13T15:29:21Z,0,0,,True,False,MIT License
MrNeRF,MrNeRF/go-lox,2022-05-25T18:19:06Z,0,0,Go,True,True,
MrNeRF,MrNeRF/gs-on-the-move,2024-04-22T18:48:10Z,3,3,Python,True,False,Other
MrNeRF,MrNeRF/gsplat,2024-09-02T10:44:08Z,4,4,Cuda,True,False,Apache License 2.0
MrNeRF,MrNeRF/imageprocessing,2019-08-25T21:06:29Z,0,0,C,True,True,
MrNeRF,MrNeRF/MNIST_CUDA,2023-07-19T12:19:52Z,9,9,C,True,True,MIT License
MrNeRF,MrNeRF/modern-cpp-features,2021-04-14T19:13:40Z,0,0,,True,True,MIT License
MrNeRF,MrNeRF/ModernCppTrees,2019-02-03T10:20:39Z,0,0,C++,True,True,
MrNeRF,MrNeRF/NeRFRenderCore,2023-01-24T19:33:08Z,3,3,C,True,True,Other
MrNeRF,MrNeRF/owl,2023-10-31T07:59:05Z,1,1,,True,True,Apache License 2.0
MrNeRF,MrNeRF/penrose,2020-06-04T06:54:51Z,0,0,,True,True,MIT License
MrNeRF,MrNeRF/radare2,2017-11-21T18:21:37Z,0,0,C,True,False,GNU Lesser General Public License v3.0
MrNeRF,MrNeRF/radare2-regressions,2017-12-07T09:47:36Z,0,0,Shell,True,False,GNU General Public License v3.0
dpryan79,dpryan79/admin-requests,2023-06-26T07:32:59Z,0,0,,True,False,
dpryan79,dpryan79/Answers,2014-09-09T08:42:10Z,8,8,Python,True,True,
dpryan79,dpryan79/autowrap-feedstock,2019-12-06T09:16:55Z,0,0,,True,False,"BSD 3-Clause ""New"" or ""Revised"" License"
dpryan79,dpryan79/BamHash,2015-03-06T10:02:43Z,0,0,C++,True,True,GNU General Public License v3.0
dpryan79,dpryan79/BBMeth,2014-08-25T13:55:05Z,3,3,R,True,True,GNU General Public License v2.0
dpryan79,dpryan79/bhsw_covid_incidence,2021-03-21T11:33:55Z,0,0,Python,True,True,Other
dpryan79,dpryan79/bioawk,2017-06-12T18:04:09Z,1,1,C,True,True,
dpryan79,dpryan79/bioblend,2018-02-15T12:49:06Z,0,0,Python,True,False,
dpryan79,dpryan79/bioconda-recipes,2020-05-01T09:41:55Z,0,0,,True,True,
dpryan79,dpryan79/bioconda-utils,2018-09-25T18:22:42Z,0,0,Python,True,True,MIT License
dpryan79,dpryan79/bioconda_bioconductor_interface,2019-05-08T09:03:44Z,0,0,,True,True,
dpryan79,dpryan79/biostar-central,2014-08-27T13:13:43Z,0,0,Python,True,True,Other
dpryan79,dpryan79/biostar-mod-templates,2018-04-12T13:28:43Z,0,0,,True,True,
dpryan79,dpryan79/bison,2014-02-18T13:43:35Z,9,9,C,True,True,Other
dpryan79,dpryan79/bison_tutorial,2014-08-22T08:20:58Z,0,0,Shell,True,True,
dpryan79,dpryan79/booster,2019-03-23T09:30:07Z,0,0,C,True,True,GNU General Public License v2.0
dpryan79,dpryan79/bwa,2015-03-05T10:35:50Z,0,0,C,True,False,GNU General Public License v3.0
dpryan79,dpryan79/bwa-mem2,2024-07-30T06:40:40Z,0,0,,True,False,Other
dpryan79,dpryan79/bwa-meth,2016-09-13T13:36:36Z,2,2,PostScript,True,True,MIT License
dpryan79,dpryan79/cDNA_Cupcake,2019-12-10T08:00:29Z,0,0,,True,True,BSD 3-Clause Clear License
dpryan79,dpryan79/ChromosomeMappings,2015-04-16T16:06:24Z,230,230,,True,True,MIT License
dpryan79,dpryan79/Clair3,2024-04-05T06:41:25Z,0,0,,True,False,
dpryan79,dpryan79/commonmark-feedstock,2017-04-01T11:34:24Z,0,0,Shell,True,False,"BSD 3-Clause ""New"" or ""Revised"" License"
dpryan79,dpryan79/conda-build,2018-10-05T07:49:35Z,0,0,Python,True,True,Other
dpryan79,dpryan79/conda-forge-pinning-feedstock,2018-11-13T08:35:23Z,0,0,Python,True,False,"BSD 3-Clause ""New"" or ""Revised"" License"
dpryan79,dpryan79/conduit,2021-03-31T21:36:48Z,0,0,,True,True,Other
dpryan79,dpryan79/Corset,2019-08-26T08:59:09Z,0,0,C++,True,True,Other
dpryan79,dpryan79/countRepeats,2015-07-07T08:33:25Z,0,0,C,True,True,
dpryan79,dpryan79/cutadapt,2018-05-28T12:04:08Z,1,1,Python,True,False,MIT License
dpryan79,dpryan79/densityClust,2022-01-14T15:12:50Z,0,0,,True,True,
ParthS007,ParthS007/academia-django,2022-08-19T15:00:18Z,1,1,Python,True,True,
ParthS007,ParthS007/Ali-Scraper,2018-06-12T19:39:12Z,42,42,Python,False,False,GNU General Public License v3.0
ParthS007,ParthS007/analysispreservation.cern.ch,2021-11-01T14:16:08Z,1,1,Python,True,True,GNU General Public License v3.0
ParthS007,ParthS007/automatic-clipping-vs-random-sparsification,2024-06-10T14:42:16Z,2,2,Python,False,False,GNU General Public License v3.0
ParthS007,ParthS007/background,2017-09-02T21:38:01Z,511,511,Python,True,True,
ParthS007,ParthS007/badgeyay,2018-06-01T17:23:53Z,0,0,JavaScript,True,False,GNU General Public License v3.0
ParthS007,ParthS007/Battleship,2017-06-29T18:40:23Z,3,3,Python,True,True,
ParthS007,ParthS007/Bookmark-server,2018-09-08T11:20:58Z,6,6,Python,True,True,MIT License
ParthS007,ParthS007/CALA.AI,2024-03-21T17:16:07Z,0,0,JavaScript,True,True,
ParthS007,ParthS007/CelebrityMatch,2017-07-04T17:23:30Z,9,9,Python,True,True,
ParthS007,ParthS007/chirps,2017-10-13T10:05:49Z,1,1,Python,True,True,MIT License
ParthS007,ParthS007/comments,2022-01-04T16:08:56Z,0,0,,True,True,
ParthS007,ParthS007/datasets,2019-03-04T14:53:47Z,0,0,Python,True,False,Apache License 2.0
ParthS007,ParthS007/dimoverse,2024-07-06T14:32:51Z,0,0,TypeScript,True,True,
ParthS007,ParthS007/distributed-systems,2024-10-04T20:17:04Z,0,0,Python,True,True,
ParthS007,ParthS007/fast-differential-privacy,2024-03-26T13:03:22Z,0,0,,True,True,Apache License 2.0
ParthS007,ParthS007/first-program,2017-01-18T15:05:51Z,3,3,Python,True,True,
ParthS007,ParthS007/Front-end,2017-11-11T07:04:35Z,2,2,HTML,True,True,Apache License 2.0
ParthS007,ParthS007/Github-Issue-Stat,2019-06-11T13:39:36Z,1,1,Python,True,True,GNU General Public License v3.0
ParthS007,ParthS007/Kisan-Seva-,2018-10-21T17:31:35Z,0,0,Java,True,True,
ParthS007,ParthS007/landb-provider,2022-06-08T15:07:11Z,1,1,Go,True,True,
ParthS007,ParthS007/Loan-Approval-Prediction,2018-11-17T05:04:15Z,90,90,Jupyter Notebook,True,True,Apache License 2.0
ParthS007,ParthS007/Multimedia-Information-Retrieval,2024-06-16T13:14:19Z,0,0,Jupyter Notebook,True,True,MIT License
ParthS007,ParthS007/MWS-Stage-1,2018-07-06T12:08:35Z,2,2,JavaScript,False,False,
ParthS007,ParthS007/MWS-Stage-2,2018-08-31T13:57:48Z,3,3,JavaScript,False,False,
ParthS007,ParthS007/MWS-Stage-3,2018-09-13T11:15:14Z,4,4,JavaScript,False,False,
ParthS007,ParthS007/myd0t,2020-02-05T15:06:24Z,0,0,,True,False,
ParthS007,ParthS007/newdle,2020-02-03T10:14:47Z,0,0,JavaScript,True,False,MIT License
ParthS007,ParthS007/opacus,2024-06-06T08:43:17Z,0,0,,True,False,Apache License 2.0
ParthS007,ParthS007/opacus-vs-fast-differential-privacy,2024-10-17T12:52:41Z,0,0,,True,True,Apache License 2.0
quantumjim,quantumjim/Battleships_with_complementary_measurements,2018-02-02T22:13:17Z,10,10,Jupyter Notebook,True,True,
quantumjim,quantumjim/binder_test,2018-09-07T12:50:38Z,0,0,Jupyter Notebook,True,True,
quantumjim,quantumjim/blog,2019-10-15T16:17:26Z,6,6,Jupyter Notebook,True,True,Apache License 2.0
quantumjim,quantumjim/celeste.py,2021-01-21T14:01:36Z,0,0,,True,True,
quantumjim,quantumjim/ck-qiskit,2018-10-05T11:58:05Z,1,1,Python,True,True,
quantumjim,quantumjim/Composer-Guide,2019-01-24T15:56:20Z,6,6,Python,True,True,
quantumjim,quantumjim/covid19-cases-switzerland,2020-10-21T18:48:26Z,0,0,,True,True,
quantumjim,quantumjim/csv2terrain,2019-05-22T09:11:50Z,5,5,Jupyter Notebook,True,True,Apache License 2.0
quantumjim,quantumjim/data4papers,2021-09-24T08:51:02Z,4,4,Jupyter Notebook,True,True,Apache License 2.0
quantumjim,quantumjim/decodoku,2022-07-07T17:07:20Z,0,0,Python,True,True,Apache License 2.0
quantumjim,quantumjim/decodoku2022,2022-02-03T14:51:32Z,0,0,Python,True,True,Apache License 2.0
quantumjim,quantumjim/explorer-hat,2020-03-27T23:02:19Z,0,0,,True,True,MIT License
quantumjim,quantumjim/Fasnacht2021,2021-02-08T08:51:45Z,0,0,Jupyter Notebook,True,True,Apache License 2.0
quantumjim,quantumjim/Ganymede,2020-12-12T19:31:26Z,0,0,Python,True,True,Apache License 2.0
quantumjim,quantumjim/get_memory,2019-04-29T17:32:41Z,0,0,Python,True,True,Apache License 2.0
quantumjim,quantumjim/hello-tomorrow-talk,2018-11-26T09:49:03Z,1,1,Python,True,True,
quantumjim,quantumjim/ibmqx-user-guides,2018-11-27T12:18:14Z,1,1,CSS,True,True,Apache License 2.0
quantumjim,quantumjim/jupyter-engine,2019-06-09T16:00:20Z,0,0,Jupyter Notebook,True,True,Apache License 2.0
quantumjim,quantumjim/jupyter-widget-game-engine,2020-04-07T14:55:09Z,7,7,Jupyter Notebook,True,True,Apache License 2.0
quantumjim,quantumjim/learning-qiskit,2019-01-24T15:47:02Z,1,1,,True,True,Apache License 2.0
quantumjim,quantumjim/Link_to_Quantum_game,2019-01-18T13:24:55Z,2,2,Python,True,True,
quantumjim,quantumjim/logical-Bell-states-in-3CX-BaconShor-codes,2024-03-22T12:14:44Z,0,0,,True,True,Other
quantumjim,quantumjim/Masters-Work,2017-09-04T14:21:11Z,3,3,,True,True,
quantumjim,quantumjim/may4_challenge_exercises,2020-05-09T10:04:29Z,0,0,Jupyter Notebook,True,True,Apache License 2.0
quantumjim,quantumjim/Melbourne-Repetition-Code,2018-11-19T13:40:28Z,1,1,Jupyter Notebook,True,True,
quantumjim,quantumjim/MicroQiskit,2020-09-16T08:51:32Z,2,2,Jupyter Notebook,True,True,Apache License 2.0
quantumjim,quantumjim/MicroQiskitC-,2019-11-12T08:07:03Z,2,2,C++,True,True,Apache License 2.0
quantumjim,quantumjim/MicroQiskitLua,2020-04-11T16:05:26Z,1,1,Lua,True,True,
quantumjim,quantumjim/minetest,2019-05-15T21:49:18Z,0,0,C++,True,False,Other
quantumjim,quantumjim/misc_markdown,2019-09-19T11:53:10Z,0,0,Python,True,True,
odan,odan/aspnet-api,2022-12-16T13:32:47Z,2,2,C#,True,True,
odan,odan/base62js,2013-08-01T18:13:26Z,5,5,JavaScript,True,True,MIT License
odan,odan/cache,2017-01-31T06:37:16Z,11,11,PHP,False,False,MIT License
odan,odan/excel,2023-11-07T00:11:56Z,1,1,PHP,False,False,MIT License
odan,odan/hydrator,2017-10-04T13:24:32Z,6,6,PHP,True,True,MIT License
odan,odan/learn-php,2017-04-01T14:21:24Z,1079,1079,HTML,True,True,MIT License
odan,odan/mysql-querybuilder-dotnet,2018-07-31T21:14:19Z,2,2,C#,True,True,MIT License
odan,odan/odan,2022-01-31T07:52:02Z,0,0,,True,True,
odan,odan/odan.github.io,2021-10-02T11:00:46Z,1,1,HTML,True,True,
odan,odan/phinx-migrations-generator,2016-06-16T08:40:31Z,231,231,PHP,False,True,MIT License
odan,odan/PHP-View,2024-07-10T16:17:49Z,0,0,PHP,True,False,MIT License
odan,odan/phpstan-rules,2023-01-15T18:54:12Z,4,4,PHP,True,True,MIT License
odan,odan/phpstorm-color-schemes,2021-07-25T11:54:39Z,1,1,,True,True,MIT License
odan,odan/plates-asset-cache,2015-09-06T09:35:18Z,5,5,PHP,True,True,MIT License
odan,odan/prisma,2016-05-20T09:02:15Z,42,42,PHP,True,False,MIT License
odan,odan/rocky,2022-05-22T21:22:04Z,7,7,PHP,False,True,MIT License
odan,odan/session,2018-01-13T21:28:20Z,58,58,PHP,False,True,MIT License
odan,odan/Slim,2024-07-07T11:35:00Z,2,2,PHP,True,True,MIT License
odan,odan/slim-checker,2021-07-17T11:30:51Z,6,6,PHP,True,True,
odan,odan/Slim-Csrf,2024-06-08T15:09:41Z,0,0,,True,True,MIT License
odan,odan/Slim-HttpCache,2024-07-07T16:09:28Z,0,0,PHP,True,True,MIT License
odan,odan/Slim-Website,2023-02-08T21:57:20Z,0,0,Less,True,True,
odan,odan/slim4-htmx,2023-09-12T17:56:35Z,9,9,PHP,True,True,MIT License
odan,odan/slim4-skeleton,2019-08-16T20:09:23Z,443,443,PHP,False,False,MIT License
odan,odan/slim4-tutorial,2020-01-03T14:13:03Z,98,98,PHP,True,True,
odan,odan/speedpdfmerge,2014-07-05T09:56:44Z,0,0,C#,True,True,MIT License
odan,odan/tsid,2022-12-09T00:06:23Z,16,16,PHP,True,True,MIT License
odan,odan/twig-assets,2017-11-26T00:42:50Z,22,22,PHP,True,True,MIT License
odan,odan/twig-translation,2017-11-26T00:43:19Z,15,15,PHP,False,False,MIT License
odan,odan/Twig-View,2024-04-23T22:10:38Z,0,0,PHP,True,True,MIT License
JuergenGutsch,JuergenGutsch/angular2-aspnetcore,2016-09-16T18:11:28Z,14,14,JavaScript,True,True,MIT License
JuergenGutsch,JuergenGutsch/angular2-aspnetcore-vs,2016-10-11T20:52:58Z,22,22,HTML,True,True,MIT License
JuergenGutsch,JuergenGutsch/ASP.NET-5-Razor-Pages,2015-11-05T06:54:54Z,0,0,HTML,True,True,MIT License
JuergenGutsch,JuergenGutsch/aspire,2023-11-16T07:08:20Z,0,0,C#,True,False,MIT License
JuergenGutsch,JuergenGutsch/aspire-samples,2024-02-05T19:19:38Z,0,0,,True,True,MIT License
JuergenGutsch,JuergenGutsch/AspLabs,2016-11-10T21:37:01Z,0,0,C#,True,True,Other
JuergenGutsch,JuergenGutsch/aspnetcore,2021-11-08T20:11:28Z,0,0,C#,True,True,MIT License
JuergenGutsch,JuergenGutsch/aspnetcore-and-react,2018-09-27T13:51:25Z,1,1,,True,True,MIT License
JuergenGutsch,JuergenGutsch/aspnetcore-cake,2018-02-12T14:52:56Z,0,0,C#,True,True,MIT License
JuergenGutsch,JuergenGutsch/aspnetcore-circuitbreaker-healthcheck,2023-02-14T20:09:37Z,0,0,C#,True,True,MIT License
JuergenGutsch,JuergenGutsch/aspnetcore-globalization,2022-10-24T20:01:55Z,0,0,C#,True,True,MIT License
JuergenGutsch,JuergenGutsch/aspnetcore-workshop,2017-09-20T13:57:24Z,1,1,C#,True,True,
JuergenGutsch,JuergenGutsch/AspNetCore.Docs,2020-05-11T17:52:18Z,0,0,C#,True,True,Creative Commons Attribution 4.0 International
JuergenGutsch,JuergenGutsch/aspnetcore3-demos,2019-05-09T22:14:53Z,5,5,C#,True,True,MIT License
JuergenGutsch,JuergenGutsch/async-proxy,2015-06-30T05:46:31Z,2,2,C#,True,True,MIT License
JuergenGutsch,JuergenGutsch/blog,2015-11-18T07:31:26Z,31,31,HTML,True,True,Other
JuergenGutsch,JuergenGutsch/BrowserDeflector,2019-01-10T09:24:14Z,0,0,C#,True,True,
JuergenGutsch,JuergenGutsch/cd-using-cake,2019-03-26T19:56:38Z,1,1,PowerShell,True,True,MIT License
JuergenGutsch,JuergenGutsch/codetherapist.github.io,2018-08-10T18:38:50Z,0,0,CSS,True,False,
JuergenGutsch,JuergenGutsch/component-detection,2024-01-24T17:03:31Z,0,0,,True,False,MIT License
JuergenGutsch,JuergenGutsch/CoreWiki,2018-09-20T18:13:42Z,0,0,CSS,True,True,MIT License
JuergenGutsch,JuergenGutsch/customizing-aspnetcore-in-bern,2022-11-25T20:53:07Z,0,0,C#,True,True,MIT License
JuergenGutsch,JuergenGutsch/ddf2018,2018-04-28T09:44:13Z,0,0,C#,True,True,MIT License
JuergenGutsch,JuergenGutsch/developer-open-space-aspnet,2021-12-10T13:20:56Z,0,0,HTML,True,True,
JuergenGutsch,JuergenGutsch/developer-open-space-healthchecks,2021-12-17T07:41:49Z,0,0,C#,True,True,Creative Commons Zero v1.0 Universal
JuergenGutsch,JuergenGutsch/di-core-multi-demo,2017-03-02T07:47:38Z,18,18,C#,True,True,MIT License
JuergenGutsch,JuergenGutsch/discoverdotnet,2019-01-10T16:16:10Z,0,0,Vue,True,False,MIT License
JuergenGutsch,JuergenGutsch/disqus-to-github-issues,2018-11-19T06:40:59Z,11,11,C#,True,True,
JuergenGutsch,JuergenGutsch/dnc-iot-rpi-demos,2015-03-18T07:36:16Z,1,1,JavaScript,True,True,MIT License
JuergenGutsch,JuergenGutsch/dnp-dart-game,2015-03-02T06:42:39Z,0,0,C#,True,True,MIT License
v7b1,v7b1/2up_svf_64bit-version,2015-07-22T10:17:40Z,7,7,Max,True,True,Other
v7b1,v7b1/bonk_64bit-version,2015-12-16T20:56:11Z,46,46,Max,True,True,Other
v7b1,v7b1/csound_tilde,2019-10-24T14:56:21Z,5,5,,True,True,GNU Lesser General Public License v3.0
v7b1,v7b1/eurorack,2018-11-02T16:19:53Z,0,0,C++,True,True,
v7b1,v7b1/exporter-sample-code,2016-09-05T11:36:44Z,1,1,Max,True,True,
v7b1,v7b1/fiddle_64bit_version,2015-12-10T11:46:45Z,51,51,C,True,True,Other
v7b1,v7b1/freeverb_64bit,2018-01-11T16:18:13Z,11,11,Max,True,True,
v7b1,v7b1/gigaverb,2017-10-08T16:30:01Z,17,17,Max,True,True,
v7b1,v7b1/LitterPower,2018-02-15T13:51:22Z,5,5,C,True,True,
v7b1,v7b1/LPC-Toolkit,2018-03-07T07:19:43Z,3,3,Max,True,True,GNU General Public License v2.0
v7b1,v7b1/max-thirdParty_externals,2021-12-31T15:15:26Z,22,22,C,True,True,
v7b1,v7b1/mi-UGens,2020-04-12T13:27:20Z,179,179,C++,True,True,
v7b1,v7b1/pmpd,2020-10-15T14:37:32Z,11,11,Max,True,True,GNU General Public License v2.0
v7b1,v7b1/sigmund_64bit-version,2015-07-19T16:51:29Z,83,83,Max,True,True,Other
v7b1,v7b1/vb-objects,2015-08-25T13:15:27Z,42,42,Max,True,True,
v7b1,v7b1/vb.mi-dev,2019-10-04T16:16:53Z,91,91,C++,True,True,Other
v7b1,v7b1/vb_UGens,2019-06-28T16:22:58Z,16,16,C++,True,True,
a-r-j,a-r-j/a-r-j,2021-01-03T00:40:02Z,0,0,,True,True,
a-r-j,a-r-j/artisan,2024-04-03T19:54:42Z,0,0,,True,False,GNU General Public License v3.0
a-r-j,a-r-j/biopandas,2022-03-10T13:20:23Z,0,0,Python,True,False,"BSD 3-Clause ""New"" or ""Revised"" License"
a-r-j,a-r-j/catnat,2018-01-15T12:33:31Z,0,0,R,True,True,
a-r-j,a-r-j/covid,2020-03-21T20:30:15Z,2,2,,True,True,
a-r-j,a-r-j/CPDB,2023-04-03T20:22:20Z,21,21,Cython,True,True,MIT License
a-r-j,a-r-j/crkbd-keymap,2022-01-19T23:08:38Z,0,0,,True,True,
a-r-j,a-r-j/deformetricar,2017-11-02T15:29:52Z,0,0,R,True,True,
a-r-j,a-r-j/doom-emacs,2021-02-02T02:18:39Z,0,0,,True,False,MIT License
a-r-j,a-r-j/dotfiles,2019-01-10T20:19:19Z,0,0,Shell,True,True,
a-r-j,a-r-j/DrugTranslatoR,2019-02-18T17:10:18Z,3,3,R,True,True,MIT License
a-r-j,a-r-j/ethoscope,2016-12-15T14:37:10Z,0,0,Python,True,True,GNU General Public License v3.0
a-r-j,a-r-j/ethoscope_hardware,2016-12-05T17:19:41Z,0,0,Arduino,True,True,
a-r-j,a-r-j/FlowMO,2020-12-23T10:36:21Z,0,0,Python,True,True,MIT License
a-r-j,a-r-j/gnat,2018-04-12T14:59:36Z,0,0,R,True,True,
a-r-j,a-r-j/graphein,2019-08-28T20:20:11Z,1032,1032,Jupyter Notebook,True,True,MIT License
a-r-j,a-r-j/graphein-binder,2021-09-28T11:36:29Z,0,0,,True,True,
a-r-j,a-r-j/graphein-web,2021-08-27T01:09:27Z,0,0,Jupyter Notebook,True,True,Other
a-r-j,a-r-j/graphtype,2022-07-12T10:31:12Z,5,5,Jupyter Notebook,True,True,Apache License 2.0
a-r-j,a-r-j/jamasb.io,2017-03-07T14:01:42Z,0,0,HTML,True,True,
a-r-j,a-r-j/loss-landscapes-gpu,2022-10-19T14:48:23Z,0,0,Python,True,True,MIT License
a-r-j,a-r-j/mmterm,2023-05-10T14:36:57Z,0,0,Python,True,True,
a-r-j,a-r-j/molplotly,2023-10-27T09:25:28Z,0,0,,True,True,Apache License 2.0
a-r-j,a-r-j/npview,2022-01-14T00:43:44Z,2,2,Python,True,True,MIT License
a-r-j,a-r-j/optimallm,2023-03-22T14:04:37Z,2,2,Python,True,True,MIT License
a-r-j,a-r-j/peptirdle,2022-01-15T21:37:29Z,0,0,TypeScript,True,True,MIT License
a-r-j,a-r-j/ProtCHOIR,2020-07-16T15:58:35Z,0,0,,True,True,Creative Commons Attribution 4.0 International
a-r-j,a-r-j/ProteinWorkshop,2023-05-17T12:22:05Z,196,196,Python,True,True,MIT License
a-r-j,a-r-j/pymolcolorizer,2020-09-16T18:09:43Z,0,0,Python,True,True,
a-r-j,a-r-j/pytorch_geometric,2022-08-10T12:07:35Z,1,1,Python,True,False,MIT License
fzenke,fzenke/auryn,2014-01-26T20:06:58Z,98,98,C++,True,True,GNU General Public License v3.0
fzenke,fzenke/bakjob,2016-04-28T19:08:57Z,0,0,Python,True,True,MIT License
fzenke,fzenke/battery-stats,2016-04-09T18:26:40Z,0,0,Shell,True,False,GNU General Public License v2.0
fzenke,fzenke/effective-pruning,2019-09-09T11:45:23Z,2,2,Jupyter Notebook,True,True,
fzenke,fzenke/gpwrap,2017-01-27T23:41:33Z,1,1,Jupyter Notebook,True,True,MIT License
fzenke,fzenke/jclub,2014-09-11T13:01:36Z,0,0,Python,True,True,GNU General Public License v2.0
fzenke,fzenke/keras,2016-07-23T00:30:49Z,1,1,Python,True,True,Other
fzenke,fzenke/latent-predictive-learning-fork,2024-01-08T14:45:27Z,0,0,,True,True,MIT License
fzenke,fzenke/lauscher,2020-08-21T09:11:28Z,0,0,Python,True,False,GNU Lesser General Public License v2.1
fzenke,fzenke/malleable,2015-02-18T08:19:35Z,1,1,Shell,True,True,
fzenke,fzenke/morla,2017-04-10T02:04:50Z,1,1,Python,True,True,MIT License
fzenke,fzenke/pathint,2018-01-25T09:14:51Z,5,5,Jupyter Notebook,True,True,MIT License
fzenke,fzenke/pub2012memorynets,2016-08-02T18:36:59Z,2,2,Max,True,True,MIT License
fzenke,fzenke/pub2013ca_inference_net,2015-10-20T06:49:45Z,2,2,C++,True,True,GNU General Public License v3.0
fzenke,fzenke/pub2015orchestrated,2015-03-13T12:29:18Z,9,9,Max,True,True,GNU General Public License v2.0
fzenke,fzenke/pub2018superspike,2018-05-28T11:05:54Z,54,54,C++,True,True,GNU General Public License v3.0
fzenke,fzenke/randman,2019-06-30T19:06:30Z,13,13,Jupyter Notebook,True,True,MIT License
fzenke,fzenke/sarrancenia-hugo,2022-09-11T10:15:28Z,0,0,HTML,True,True,MIT License
fzenke,fzenke/spiffyplots,2021-08-02T10:04:54Z,1,1,,True,True,GNU General Public License v3.0
fzenke,fzenke/SPM-Invited,2018-12-23T12:08:57Z,0,0,TeX,True,True,
fzenke,fzenke/spytorch,2019-02-12T21:04:49Z,287,287,Jupyter Notebook,True,True,
fzenke,fzenke/ssbm,2017-06-04T09:09:10Z,7,7,Python,True,True,MIT License
fzenke,fzenke/sslneurips22_web,2022-11-27T12:39:11Z,1,1,HTML,True,True,
fzenke,fzenke/zynapse,2016-09-01T06:54:22Z,1,1,C++,True,True,GNU General Public License v2.0
eleanor-em,eleanor-em/bagel,2020-08-13T05:31:22Z,14,14,Java,True,True,MIT License
eleanor-em,eleanor-em/bloom-rs,2020-12-02T00:57:32Z,0,0,Rust,True,True,GNU General Public License v2.0
eleanor-em,eleanor-em/ccc,2021-09-03T16:52:00Z,30,30,Rust,True,True,GNU General Public License v3.0
eleanor-em,eleanor-em/cocol,2020-02-28T01:43:31Z,0,0,Rust,True,True,
eleanor-em,eleanor-em/codebrew,2020-09-25T07:25:30Z,0,0,TypeScript,True,True,GNU Affero General Public License v3.0
eleanor-em,eleanor-em/comfycon20-crypto,2020-11-28T23:40:07Z,1,1,Java,True,True,
eleanor-em,eleanor-em/cryptid,2020-05-23T06:14:30Z,8,8,Rust,True,True,MIT License
eleanor-em,eleanor-em/cuda-upad,2019-10-30T06:45:46Z,0,0,C,True,True,
eleanor-em,eleanor-em/dalgs-consensus,2020-04-23T10:24:34Z,0,0,Java,True,True,
eleanor-em,eleanor-em/doublependulum,2016-10-24T11:59:05Z,0,0,C,True,True,
eleanor-em,eleanor-em/eleanor-em,2020-07-03T11:26:59Z,0,0,,True,True,
eleanor-em,eleanor-em/eleanorm.info,2020-05-06T07:38:28Z,0,0,HTML,True,True,GNU General Public License v3.0
eleanor-em,eleanor-em/Entity-Component-System,2016-08-19T03:49:32Z,0,0,C#,True,True,
eleanor-em,eleanor-em/extra-dimensional-box,2019-06-09T13:13:02Z,11,11,Java,True,True,"BSD 3-Clause ""New"" or ""Revised"" License"
eleanor-em,eleanor-em/eyepi,2019-12-30T04:26:24Z,0,0,Java,True,True,
eleanor-em,eleanor-em/fluentbit-rustwasmfilter,2024-07-24T16:55:05Z,0,0,Rust,True,True,
eleanor-em,eleanor-em/Functional,2019-05-31T13:04:38Z,0,0,Java,True,True,GNU General Public License v3.0
eleanor-em,eleanor-em/Fyrox-sound-only,2024-07-20T11:57:58Z,0,0,Rust,True,True,MIT License
eleanor-em,eleanor-em/ggj18,2018-01-26T07:42:05Z,0,0,C#,True,True,GNU General Public License v3.0
eleanor-em,eleanor-em/ggj19,2019-01-25T09:20:32Z,0,0,C#,True,True,
eleanor-em,eleanor-em/glongge,2024-06-28T20:57:08Z,3,3,Rust,True,True,
eleanor-em,eleanor-em/google-merkle-rs,2021-03-02T07:39:35Z,0,0,C++,True,True,
eleanor-em,eleanor-em/imgui-rs,2024-08-03T10:23:21Z,0,0,Rust,True,False,Apache License 2.0
eleanor-em,eleanor-em/kanga,2020-10-16T07:29:41Z,4,4,JavaScript,True,True,
eleanor-em,eleanor-em/linuxconf,2020-06-14T10:21:36Z,1,1,,True,True,
eleanor-em,eleanor-em/makingAPlan,2021-01-01T10:51:30Z,0,0,,True,True,
eleanor-em,eleanor-em/msc-thesis,2021-03-21T09:34:00Z,2,2,TeX,True,True,
eleanor-em,eleanor-em/papervote,2020-07-22T06:34:41Z,6,6,Rust,True,True,Other
eleanor-em,eleanor-em/parallel-impl,2019-09-16T12:38:47Z,1,1,C,True,True,
eleanor-em,eleanor-em/pico-dht22,2021-02-10T23:52:08Z,3,3,C,True,True,MIT License
dengemann,dengemann/ACE,2014-02-03T21:52:58Z,0,0,Python,True,True,MIT License
dengemann,dengemann/autoreject,2016-05-24T13:04:57Z,1,1,Python,True,True,"BSD 3-Clause ""New"" or ""Revised"" License"
dengemann,dengemann/autoreject.github.io,2016-10-11T17:05:04Z,0,0,HTML,True,True,
dengemann,dengemann/aws-hacks,2016-03-17T21:04:12Z,0,0,Python,True,True,"BSD 3-Clause ""New"" or ""Revised"" License"
dengemann,dengemann/Bokeh,2013-03-29T08:15:41Z,0,0,CoffeeScript,True,True,
dengemann,dengemann/braindecode,2023-08-18T15:00:28Z,1,1,,True,True,"BSD 3-Clause ""New"" or ""Revised"" License"
dengemann,dengemann/brew,2020-12-30T12:40:41Z,0,0,,True,False,"BSD 2-Clause ""Simplified"" License"
dengemann,dengemann/camcan_analysis,2017-05-28T09:17:31Z,0,0,Jupyter Notebook,True,True,"BSD 3-Clause ""New"" or ""Revised"" License"
dengemann,dengemann/cleanMEG_BIU,2014-02-10T14:49:36Z,0,0,Matlab,True,True,
dengemann,dengemann/coffeine,2022-06-11T11:02:51Z,0,0,,True,True,MIT License
dengemann,dengemann/dengemann.github.io,2016-02-29T18:10:34Z,1,1,CSS,True,True,
dengemann,dengemann/docker-distributed,2016-03-11T15:31:00Z,0,0,,True,True,
dengemann,dengemann/eeg-pred-modeling-summer-school,2021-07-20T13:11:06Z,5,5,Jupyter Notebook,True,True,"BSD 3-Clause ""New"" or ""Revised"" License"
dengemann,dengemann/euroscipy_proceedings,2013-09-13T10:29:16Z,0,0,Python,True,True,Other
dengemann,dengemann/fieldtrip,2014-02-03T11:27:48Z,0,0,Matlab,True,False,GNU General Public License v2.0
dengemann,dengemann/gat,2015-07-18T11:14:56Z,0,0,Python,True,True,"BSD 2-Clause ""Simplified"" License"
dengemann,dengemann/ggplot,2014-04-24T14:59:01Z,1,1,Shell,True,True,"BSD 2-Clause ""Simplified"" License"
dengemann,dengemann/h5io,2015-09-28T23:35:02Z,0,0,Python,True,True,"BSD 3-Clause ""New"" or ""Revised"" License"
dengemann,dengemann/homebrew-core,2020-12-30T12:40:52Z,0,0,,True,False,"BSD 2-Clause ""Simplified"" License"
dengemann,dengemann/inf_vs_pred_2020,2020-08-11T15:30:41Z,0,0,,True,True,
dengemann,dengemann/juelich-meg-utils,2012-12-24T13:20:52Z,0,0,,True,True,
dengemann,dengemann/jumeg-1,2014-09-29T09:37:11Z,0,0,,True,True,
dengemann,dengemann/LaTeXSq,2013-10-19T10:47:41Z,0,0,Python,True,True,
dengemann,dengemann/make-mne-hcp-testing-data,2016-12-20T18:28:06Z,0,0,Jupyter Notebook,True,True,"BSD 3-Clause ""New"" or ""Revised"" License"
dengemann,dengemann/meeg-preprocessing,2014-11-29T14:37:30Z,13,13,Python,True,True,"BSD 2-Clause ""Simplified"" License"
dengemann,dengemann/meg-mri-surrogate-biomarkers-aging-2020,2020-05-07T21:40:55Z,6,6,Python,True,True,"BSD 3-Clause ""New"" or ""Revised"" License"
dengemann,dengemann/meg_perceptual_decision_symbols,2015-03-09T14:45:56Z,0,0,Python,True,True,"BSD 2-Clause ""Simplified"" License"
dengemann,dengemann/memory_profiler,2013-07-24T08:12:52Z,0,0,Python,True,True,
dengemann,dengemann/mne-4-D-sample-data,2012-12-13T11:54:43Z,0,0,,True,True,
dengemann,dengemann/mne-bids,2022-09-29T12:58:55Z,0,0,,True,True,"BSD 3-Clause ""New"" or ""Revised"" License"
imagejan,imagejan/3Dscript,2019-05-11T17:54:36Z,0,0,Java,True,True,"BSD 2-Clause ""Simplified"" License"
imagejan,imagejan/ABA_J,2019-03-19T21:46:11Z,0,0,Java,True,True,
imagejan,imagejan/ACSAuto,2021-06-22T20:03:04Z,0,0,,True,True,
imagejan,imagejan/ActionBar,2016-08-16T13:20:31Z,0,0,Java,True,True,
imagejan,imagejan/Adapt,2019-10-11T19:43:39Z,0,0,,True,True,
imagejan,imagejan/angiotool,2013-07-18T10:02:09Z,2,2,Java,True,True,
imagejan,imagejan/appmode,2018-05-08T15:04:06Z,0,0,Jupyter Notebook,True,True,
imagejan,imagejan/Barcode_Codec,2017-03-31T10:37:02Z,0,0,Java,True,True,Other
imagejan,imagejan/beakerx,2019-02-26T10:20:05Z,0,0,Java,True,False,Apache License 2.0
imagejan,imagejan/betaseg.github.io,2022-04-25T13:41:02Z,0,0,,True,True,
imagejan,imagejan/bigdataviewer-core,2020-08-04T10:15:03Z,0,0,,True,True,Other
imagejan,imagejan/bigdataviewer-ui-panel,2019-11-26T21:21:40Z,0,0,,True,True,
imagejan,imagejan/bigdataviewer-vistools,2018-02-23T11:55:25Z,0,0,Java,True,True,
imagejan,imagejan/BigStitcher,2018-09-20T12:17:19Z,0,0,Java,True,True,GNU General Public License v2.0
imagejan,imagejan/BigTrace,2022-05-11T13:55:28Z,1,1,,True,True,GNU General Public License v3.0
imagejan,imagejan/bill_duncan,2019-03-12T08:27:45Z,0,0,Jupyter Notebook,True,True,
imagejan,imagejan/biobeam,2018-09-27T08:36:58Z,0,0,Python,True,True,"BSD 3-Clause ""New"" or ""Revised"" License"
imagejan,imagejan/bioformats,2014-03-24T18:16:19Z,0,0,Java,True,True,GNU General Public License v2.0
imagejan,imagejan/bioimagebook.github.io,2022-09-26T20:01:31Z,1,1,,True,False,
imagejan,imagejan/biojava,2021-06-24T15:34:11Z,0,0,,True,False,GNU Lesser General Public License v2.1
imagejan,imagejan/BioVoxxel_Toolbox,2017-02-27T11:44:52Z,0,0,Java,True,True,"BSD 3-Clause ""New"" or ""Revised"" License"
imagejan,imagejan/blind-experiment,2018-08-22T15:45:21Z,5,5,Java,True,True,GNU General Public License v3.0
imagejan,imagejan/bokeh,2016-09-09T12:39:15Z,0,0,Python,True,True,"BSD 3-Clause ""New"" or ""Revised"" License"
imagejan,imagejan/BoneJ2,2017-10-17T07:38:29Z,0,0,Java,True,True,"BSD 2-Clause ""Simplified"" License"
imagejan,imagejan/Bug_Submitter,2014-06-25T14:37:55Z,0,0,Java,True,True,
imagejan,imagejan/build-a-binder.github.io,2018-06-12T14:31:45Z,0,0,HTML,True,False,"BSD 3-Clause ""New"" or ""Revised"" License"
imagejan,imagejan/cellpose,2021-03-11T20:55:04Z,0,0,,True,True,"BSD 3-Clause ""New"" or ""Revised"" License"
imagejan,imagejan/CellProfiler,2019-03-23T21:06:26Z,0,0,Python,True,True,Other
imagejan,imagejan/CHBG,2016-07-19T12:45:11Z,0,0,Java,True,True,
imagejan,imagejan/ClearMap2,2020-09-27T19:23:30Z,0,0,,True,True,GNU General Public License v3.0
charnley,charnley/algorithms_and_data_structures,2018-01-11T14:18:41Z,0,0,C++,True,True,GNU General Public License v2.0
charnley,charnley/babel,2015-08-05T13:42:52Z,0,0,JavaScript,True,True,MIT License
charnley,charnley/bayes-mndo,2020-06-16T17:58:41Z,0,0,,True,True,MIT License
charnley,charnley/beamer_ucph,2014-10-02T12:22:06Z,0,0,TeX,True,True,
charnley,charnley/blog,2022-09-10T13:01:31Z,1,1,,True,True,MIT License
charnley,charnley/calcit,2019-06-21T11:47:47Z,0,0,Python,True,False,MIT License
charnley,charnley/carbon-svelte-app,2022-07-22T06:56:23Z,0,0,Svelte,False,False,
charnley,charnley/charnley,2020-07-13T17:12:47Z,0,0,,True,True,
charnley,charnley/check-sdf,2018-01-09T11:51:37Z,0,0,Python,True,True,MIT License
charnley,charnley/chemhelp,2019-07-08T12:11:39Z,3,3,Python,True,True,MIT License
charnley,charnley/conformer_search,2016-02-13T17:54:17Z,0,0,Python,True,True,MIT License
charnley,charnley/convert-in-terminal,2017-03-06T14:13:48Z,2,2,Python,True,True,MIT License
charnley,charnley/data2csv,2016-11-19T19:37:12Z,0,0,Python,True,True,MIT License
charnley,charnley/debian-cluster-configuration,2015-03-26T14:56:58Z,0,0,Shell,True,True,MIT License
charnley,charnley/dftd3-wrapper,2014-12-21T11:12:30Z,0,0,FORTRAN,True,True,GNU General Public License v2.0
charnley,charnley/dlib,2018-01-11T19:32:14Z,0,0,C++,True,False,
charnley,charnley/doi2bib,2016-04-18T11:23:22Z,2,2,Shell,True,True,MIT License
charnley,charnley/dotfiles,2013-01-27T16:26:48Z,4,4,Shell,False,False,
charnley,charnley/dotfiles.x,2013-12-31T17:10:02Z,4,4,Python,True,True,
charnley,charnley/ghof,2017-10-19T15:04:36Z,0,0,Python,True,True,MIT License
charnley,charnley/inertia,2019-04-04T13:22:37Z,0,0,Python,True,True,MIT License
charnley,charnley/LAP-solvers,2018-12-04T13:25:37Z,0,0,Python,True,True,
charnley,charnley/libopenmndo,2018-01-12T09:45:27Z,0,0,Fortran,True,True,MIT License
charnley,charnley/little_shits,2016-05-31T13:36:16Z,0,0,Python,True,True,MIT License
charnley,charnley/matplotlib-colourmap-generator,2012-10-03T12:46:25Z,0,0,Python,True,True,
charnley,charnley/matplotlib-header,2014-02-04T12:51:56Z,0,0,,True,True,"BSD 2-Clause ""Simplified"" License"
charnley,charnley/matplotlib-views,2020-05-03T17:26:09Z,1,1,Jupyter Notebook,True,True,MIT License
charnley,charnley/matplotlib_examples,2013-08-06T13:14:10Z,0,0,Python,True,True,
charnley,charnley/megawordsmemoryconverter,2014-06-26T19:58:00Z,0,0,Python,True,True,MIT License
charnley,charnley/mfls,2017-09-01T17:16:26Z,0,0,,True,True,MIT License
rneher,rneher/augur,2014-09-27T13:08:35Z,1,1,,True,True,
rneher,rneher/auspice,2015-01-04T20:02:24Z,0,0,JavaScript,True,True,
rneher,rneher/betatree,2014-10-02T12:42:37Z,0,0,Python,True,True,MIT License
rneher,rneher/bioconda-recipes,2019-06-27T10:51:02Z,0,0,Shell,True,True,
rneher,rneher/biopython,2016-10-23T20:38:59Z,1,1,Python,True,False,Other
rneher,rneher/DiplomArbeit_Percolation,2019-08-24T10:36:11Z,0,0,PostScript,True,True,
rneher,rneher/Dissertation_DynamicsOfDNA,2019-08-24T17:41:55Z,0,0,TeX,True,True,
rneher,rneher/FitnessInference,2014-08-27T20:53:42Z,10,10,Python,True,True,MIT License
rneher,rneher/FluByCountry,2019-07-22T15:34:22Z,0,0,,True,True,
rneher,rneher/flu_speciation,2018-05-01T16:53:23Z,1,1,Python,True,True,
rneher,rneher/GNOME,2019-02-27T11:52:22Z,0,0,Python,True,True,
rneher,rneher/h5_cattle_genome,2024-05-09T15:16:35Z,0,0,,True,True,
rneher,rneher/measles,2019-07-12T08:29:48Z,1,1,,True,True,
rneher,rneher/NAflu,2019-12-13T16:00:39Z,0,0,,True,True,
rneher,rneher/nextflu,2015-01-26T21:59:03Z,0,0,Python,True,True,
rneher,rneher/nextflu2,2016-06-05T14:26:05Z,0,0,CSS,True,True,
rneher,rneher/organic-box-factory,2017-06-04T16:58:24Z,0,0,Shell,True,True,MIT License
rneher,rneher/pipeline-resources,2021-10-28T14:19:07Z,0,0,,True,True,Apache License 2.0
rneher,rneher/qbio2017,2017-08-22T00:05:57Z,0,0,Python,True,True,
rneher,rneher/Wuhan-BCov,2020-01-12T16:48:44Z,0,0,Python,True,True,
syzer,syzer/11_clockchain,2017-11-01T13:33:08Z,0,0,HTML,True,True,
syzer,syzer/2000kcal,2017-02-11T11:13:37Z,0,0,,True,True,
syzer,syzer/2018-fintech-games-regex-solver,2018-03-16T18:46:15Z,1,1,JavaScript,True,True,
syzer,syzer/2018-hack-n-lead,2018-06-16T12:08:56Z,4,4,HTML,True,True,
syzer,syzer/ab-testing-tool,2016-09-28T23:35:19Z,0,0,JavaScript,True,True,
syzer,syzer/afraid-to-commit,2014-02-22T10:31:10Z,0,0,,True,True,"BSD 2-Clause ""Simplified"" License"
syzer,syzer/airomem,2016-12-01T18:27:23Z,1,1,JavaScript,True,True,Apache License 2.0
syzer,syzer/akka,2014-01-20T19:28:33Z,0,0,Scala,True,False,Other
syzer,syzer/alert-vue2-webpack2,2017-05-25T14:58:12Z,0,0,JavaScript,True,True,
syzer,syzer/algo-course-2016,2016-03-28T00:53:46Z,2,2,Python,True,True,
syzer,syzer/anaconda,2015-01-25T19:08:42Z,0,0,Go,True,True,MIT License
syzer,syzer/anatine,2017-01-18T17:19:53Z,0,0,JavaScript,True,False,MIT License
syzer,syzer/angular-bootstrap-datetimepicker-directive,2015-06-09T09:59:13Z,0,0,HTML,True,True,MIT License
syzer,syzer/angular-decorators,2015-04-17T18:29:15Z,1,1,JavaScript,True,True,
syzer,syzer/angular-file-upload,2014-07-15T13:29:52Z,0,0,,True,True,MIT License
syzer,syzer/angular-formly,2015-06-26T11:25:03Z,0,0,JavaScript,True,True,MIT License
syzer,syzer/angular-google-maps,2014-10-27T15:37:50Z,0,0,,True,True,
syzer,syzer/angular-inviewport,2019-11-13T14:01:16Z,0,0,,True,True,MIT License
syzer,syzer/angular-material-course,2020-02-06T16:01:07Z,0,0,,True,True,MIT License
syzer,syzer/angular-meteor,2015-06-21T18:57:32Z,0,0,HTML,True,True,MIT License
syzer,syzer/angular-motion,2014-08-04T15:15:01Z,0,0,,True,True,MIT License
syzer,syzer/angular-qAll,2014-10-02T14:59:20Z,1,1,JavaScript,True,True,MIT License
syzer,syzer/angular-socket-io,2015-07-06T17:46:27Z,0,0,JavaScript,True,True,
syzer,syzer/angular-wesnoth-tiles,2016-02-24T18:27:00Z,0,0,TypeScript,True,True,GNU General Public License v2.0
syzer,syzer/anypixel,2016-12-22T16:06:43Z,0,0,C,True,True,Apache License 2.0
syzer,syzer/apollo-server-example,2020-03-24T15:35:04Z,0,0,,True,True,
syzer,syzer/aragon,2018-09-24T17:06:29Z,0,0,JavaScript,True,False,GNU Affero General Public License v3.0
syzer,syzer/arango-db-evaluation,2017-03-15T12:04:01Z,0,0,JavaScript,True,True,
syzer,syzer/arima,2023-03-20T12:06:57Z,1,1,,True,True,
syzer,syzer/assemblino.js,2017-10-10T23:08:02Z,0,0,JavaScript,True,True,MIT License
jkarni,jkarni/action-test,2021-09-19T12:33:09Z,0,0,JavaScript,True,True,
jkarni,jkarni/aeson,2015-09-23T12:22:07Z,0,0,Haskell,True,True,Other
jkarni,jkarni/aeson-pretty,2016-07-01T12:20:47Z,0,0,Haskell,True,True,"BSD 3-Clause ""New"" or ""Revised"" License"
jkarni,jkarni/alejandra,2022-03-04T21:04:01Z,0,0,,True,False,The Unlicense
jkarni,jkarni/amazonka,2020-10-29T13:43:14Z,0,0,Haskell,True,False,Other
jkarni,jkarni/apiary-benchmark,2015-06-02T08:25:01Z,0,0,Haskell,True,True,MIT License
jkarni,jkarni/autospec,2015-04-23T14:15:04Z,0,0,Haskell,True,True,
jkarni,jkarni/Ayumu,2013-05-27T02:06:27Z,3,3,Haskell,True,True,Other
jkarni,jkarni/backprop,2019-12-27T17:43:18Z,0,0,,True,True,"BSD 3-Clause ""New"" or ""Revised"" License"
jkarni,jkarni/bad-tech,2019-11-20T13:55:04Z,0,0,HTML,True,True,
jkarni,jkarni/blabla,2019-03-05T13:47:03Z,0,0,,True,True,
jkarni,jkarni/blablabla,2019-03-05T13:53:49Z,0,0,,True,True,
jkarni,jkarni/bleTalkNov2017,2017-10-18T19:10:33Z,0,0,Haskell,True,True,"BSD 3-Clause ""New"" or ""Revised"" License"
jkarni,jkarni/blog,2015-07-28T17:26:27Z,0,0,JavaScript,True,True,MIT License
jkarni,jkarni/blup,2024-09-05T08:41:00Z,0,0,Haskell,True,True,
jkarni,jkarni/bobkonf,2016-01-26T18:52:06Z,0,0,Haskell,True,True,"BSD 3-Clause ""New"" or ""Revised"" License"
jkarni,jkarni/boolean-normal-forms,2016-01-20T23:38:59Z,0,0,Haskell,True,True,MIT License
jkarni,jkarni/bostonServant,2015-11-05T00:11:04Z,3,3,Haskell,True,True,Other
jkarni,jkarni/bound,2018-05-08T08:23:11Z,0,0,Haskell,True,True,Other
jkarni,jkarni/commercialhaskell,2016-07-12T18:06:22Z,0,0,,True,True,
jkarni,jkarni/configifier,2015-07-14T09:39:32Z,0,0,Haskell,True,True,GNU Affero General Public License v3.0
jkarni,jkarni/cookie,2016-10-13T10:12:12Z,0,0,Haskell,True,True,MIT License
jkarni,jkarni/cprelude,2016-07-08T17:21:44Z,1,1,Haskell,True,True,"BSD 3-Clause ""New"" or ""Revised"" License"
jkarni,jkarni/curry-on-servant,2015-07-05T09:09:54Z,1,1,TeX,True,True,
jkarni,jkarni/d-bus,2017-03-13T21:43:06Z,0,0,Haskell,True,True,MIT License
jkarni,jkarni/decidable-validation,2016-01-25T16:19:57Z,0,0,Haskell,True,True,"BSD 3-Clause ""New"" or ""Revised"" License"
jkarni,jkarni/demo,2022-02-11T18:07:48Z,0,0,,True,True,
jkarni,jkarni/doctest,2015-02-13T09:22:35Z,0,0,Haskell,True,False,MIT License
jkarni,jkarni/engine.io,2015-08-01T18:24:22Z,0,0,JavaScript,True,True,
jkarni,jkarni/esquilo,2015-10-09T14:29:01Z,0,0,Haskell,True,True,"BSD 3-Clause ""New"" or ""Revised"" License"
maehr,maehr/2020FS-UZH-600-009a-Schreibuebung,2020-05-05T09:42:52Z,0,0,HTML,True,True,Other
maehr,maehr/abstract-template,2024-03-20T14:37:26Z,0,0,Markdown,True,False,GNU Affero General Public License v3.0
maehr,maehr/academic-pandoc-template,2018-07-04T13:32:02Z,224,224,HTML,True,True,MIT License
maehr,maehr/awesome-academic-writing,2020-01-22T07:44:38Z,54,54,HTML,True,True,Creative Commons Zero v1.0 Universal
maehr,maehr/awesome-dhtools,2022-05-05T08:15:55Z,0,0,HTML,True,True,Creative Commons Zero v1.0 Universal
maehr,maehr/awesome-digital-history,2019-09-21T10:16:54Z,229,229,JavaScript,True,True,GNU Affero General Public License v3.0
maehr,maehr/awesome-scientific-writing,2022-03-21T09:44:58Z,0,0,,True,True,Creative Commons Zero v1.0 Universal
maehr,maehr/book-of-abstracts,2024-08-06T09:45:19Z,0,0,TeX,True,True,GNU Affero General Public License v3.0
maehr,maehr/collectionbuilder-csv,2023-04-12T17:08:57Z,0,0,HTML,True,True,MIT License
maehr,maehr/contributor_covenant,2023-04-24T15:57:22Z,0,0,CSS,True,False,Other
maehr,maehr/critique-digitale.ch,2024-09-26T22:05:06Z,0,0,Svelte,True,False,GNU General Public License v3.0
maehr,maehr/dh-tech.github.io,2023-08-07T19:46:32Z,0,0,JavaScript,True,True,
maehr,maehr/digitalhistory.intro,2024-09-13T12:48:05Z,0,0,,True,True,
maehr,maehr/diskriminierungsfreie-metadaten,2024-05-07T07:56:50Z,3,3,Markdown,True,False,GNU Affero General Public License v3.0
maehr,maehr/forschung.stadtgeschichtebasel.ch-early-prototype,2023-04-11T16:46:02Z,0,0,HTML,True,True,MIT License
maehr,maehr/github-template,2019-09-18T14:06:09Z,17,17,HTML,True,True,GNU Affero General Public License v3.0
maehr,maehr/homebrew-core,2022-09-29T22:00:56Z,0,0,,True,False,"BSD 2-Clause ""Simplified"" License"
maehr,maehr/jekyll,2022-09-21T16:51:53Z,0,0,,True,True,
maehr,maehr/maehr,2020-05-28T07:23:28Z,1,1,,False,False,
maehr,maehr/maehr.github.io,2020-01-23T08:19:49Z,0,0,HTML,False,False,MIT License
maehr,maehr/ocr-dictionaries-for-federal-sources,2019-09-16T14:46:30Z,2,2,Jupyter Notebook,True,True,Other
maehr,maehr/open-research-data-template,2023-03-15T09:33:25Z,19,19,Markdown,True,True,GNU Affero General Public License v3.0
maehr,maehr/pydistinto,2022-06-15T09:39:44Z,1,1,,True,True,
maehr,maehr/reveal.js,2020-04-03T14:01:27Z,0,0,JavaScript,True,True,MIT License
maehr,maehr/revealjs-presentation-template,2019-10-09T07:30:23Z,4,4,HTML,True,True,
maehr,maehr/simple-topic-modeling,2023-10-25T15:54:13Z,2,2,Python,True,True,GNU Affero General Public License v3.0
maehr,maehr/skeleton,2023-11-18T16:09:31Z,0,0,,True,True,MIT License
maehr,maehr/stadtgeschichtebasel.ch,2023-10-10T22:35:54Z,0,0,Svelte,True,False,GNU Affero General Public License v3.0
maehr,maehr/styles,2023-04-30T09:05:38Z,0,0,Ruby,True,True,
maehr,maehr/the-aliens-and-the-computer,2019-09-12T09:15:14Z,0,0,HTML,True,True,
galderz,galderz/Aeron,2015-04-28T17:22:30Z,0,0,Java,True,True,Apache License 2.0
galderz,galderz/arquillian-core,2012-01-29T21:12:41Z,1,1,Java,True,True,Apache License 2.0
galderz,galderz/asciidoctor-sandbox,2017-05-30T10:27:13Z,0,0,,True,True,
galderz,galderz/baeldung-tutorials,2022-08-16T15:02:59Z,0,0,,True,True,MIT License
galderz,galderz/beam,2017-06-12T11:52:44Z,0,0,Java,True,False,Apache License 2.0
galderz,galderz/benchmarks,2019-03-14T15:14:40Z,0,0,Java,True,True,
galderz,galderz/berlin-jug-infinispan-2015,2015-11-20T10:15:13Z,0,0,Java,True,True,
galderz,galderz/BPF-tools,2022-12-02T15:50:14Z,0,0,,True,True,
galderz,galderz/caching-benchmarks,2019-03-06T06:45:05Z,0,0,,True,True,
galderz,galderz/caffeine,2017-08-29T09:22:02Z,0,0,Java,True,True,Apache License 2.0
galderz,galderz/camel,2020-04-30T10:04:18Z,0,0,,True,False,Apache License 2.0
galderz,galderz/camel-quarkus,2020-03-30T07:08:52Z,0,0,Java,True,False,Apache License 2.0
galderz,galderz/cct_module,2018-06-11T14:26:22Z,0,0,Gherkin,True,False,Apache License 2.0
galderz,galderz/cenutrio,2020-08-17T08:36:55Z,0,0,C++,True,True,
galderz,galderz/codegen,2014-11-21T08:20:04Z,0,0,Java,True,True,
galderz,galderz/colata,2024-09-25T14:14:08Z,0,0,Java,True,True,
galderz,galderz/community-operators,2019-03-06T08:22:23Z,0,0,Shell,True,True,Apache License 2.0
galderz,galderz/datagrid-devoxx,2017-11-07T12:39:41Z,0,0,Java,True,True,
galderz,galderz/datagrid-patterns,2017-03-14T12:25:47Z,2,2,Jupyter Notebook,True,True,
galderz,galderz/debezium-examples,2018-12-12T16:02:14Z,0,0,JavaScript,True,True,Apache License 2.0
galderz,galderz/debug-info,2020-06-02T06:04:49Z,0,0,HTML,True,True,
galderz,galderz/decks,2014-01-14T09:14:00Z,0,0,CSS,True,True,
galderz,galderz/demangle,2023-09-06T12:47:25Z,0,0,Java,True,True,
galderz,galderz/DevConfCZ2016Demo,2016-03-29T13:48:32Z,1,1,Java,True,True,
galderz,galderz/distributed-streams,2016-01-20T08:40:48Z,2,2,Java,True,True,
galderz,galderz/dmn-quarkus-example-bamoe,2023-09-06T09:41:10Z,0,0,,True,True,
galderz,galderz/dotcom,2014-08-05T20:06:41Z,0,0,JavaScript,True,True,
galderz,galderz/dotfiles-mathiasbynens,2016-02-24T07:56:07Z,0,0,VimL,True,False,MIT License
galderz,galderz/edg-examples,2011-06-16T16:21:05Z,1,1,Java,True,True,
galderz,galderz/emacs-sandbox,2017-08-17T06:37:58Z,0,0,Emacs Lisp,True,True,
wasserth,wasserth/batchgenerators,2020-05-09T09:55:56Z,0,0,Jupyter Notebook,True,True,Apache License 2.0
wasserth,wasserth/dipy,2018-06-08T08:26:00Z,1,1,Python,True,True,Other
wasserth,wasserth/fast-bookmark,2017-06-17T11:44:06Z,21,21,JavaScript,True,True,MIT License
wasserth,wasserth/MITK,2023-02-10T15:00:13Z,0,0,,True,False,"BSD 3-Clause ""New"" or ""Revised"" License"
wasserth,wasserth/MONAI,2021-09-08T11:04:03Z,3,3,,True,True,Apache License 2.0
wasserth,wasserth/MyelinAge,2022-08-12T14:18:04Z,6,6,Python,True,True,Apache License 2.0
wasserth,wasserth/nnUNet_cust,2020-12-15T13:11:32Z,8,8,Python,True,True,Apache License 2.0
wasserth,wasserth/ProjectWeek,2023-01-16T14:57:15Z,0,0,,True,False,
wasserth,wasserth/segmentation_models.pytorch,2020-05-09T09:44:30Z,0,0,Python,True,True,MIT License
wasserth,wasserth/solarized,2017-09-15T08:26:38Z,0,0,Vim script,True,False,MIT License
wasserth,wasserth/threadpoolctl,2020-05-09T10:05:22Z,0,0,Python,True,True,"BSD 3-Clause ""New"" or ""Revised"" License"
wasserth,wasserth/TotalSegmentator,2022-01-19T12:24:33Z,1487,1487,Python,True,True,Apache License 2.0
wasserth,wasserth/tractseg_edu,2019-03-14T16:27:02Z,1,1,Jupyter Notebook,True,True,Apache License 2.0
wasserth,wasserth/tract_querier,2017-11-30T13:59:33Z,0,0,Python,True,True,Other
ahankinson,ahankinson/andrewhankinson.info,2017-02-18T14:19:54Z,0,0,HTML,True,True,
ahankinson,ahankinson/angles,2013-07-18T02:02:55Z,0,0,JavaScript,True,True,Other
ahankinson,ahankinson/api,2018-06-06T21:37:14Z,0,0,HTML,True,True,
ahankinson,ahankinson/apply-patches,2024-10-01T12:36:13Z,0,0,,True,False,The Unlicense
ahankinson,ahankinson/AristoFlat,2015-01-16T17:56:22Z,0,0,CSS,True,True,
ahankinson,ahankinson/awesome-iiif,2016-09-19T11:32:24Z,0,0,,True,True,
ahankinson,ahankinson/Backbone-Template-Assembler,2015-02-22T23:19:27Z,0,0,Python,True,True,MIT License
ahankinson,ahankinson/bagit,2011-02-04T14:13:24Z,1,1,Python,True,True,
ahankinson,ahankinson/cantaloupe,2018-06-21T11:40:54Z,0,0,Java,True,False,Other
ahankinson,ahankinson/cappuccino,2013-02-08T03:13:54Z,0,0,Objective-J,True,True,GNU Lesser General Public License v2.1
ahankinson,ahankinson/Cappuccino-Control-Layout-Test,2013-02-06T23:59:31Z,0,0,JavaScript,True,True,
ahankinson,ahankinson/Cappuccino-for-ST3,2014-05-16T14:21:19Z,0,0,Python,True,True,MIT License
ahankinson,ahankinson/Cappuccino-Kitchen-Sink,2013-03-26T15:23:24Z,1,1,Objective-J,True,True,
ahankinson,ahankinson/Cappuccino-Sample-Controls,2013-02-03T14:28:24Z,0,0,Objective-J,True,True,
ahankinson,ahankinson/Cappuccino-Sublime,2014-01-19T16:47:18Z,0,0,Python,True,True,MIT License
ahankinson,ahankinson/cappuccino.org,2014-06-24T23:34:33Z,0,0,CSS,True,True,
ahankinson,ahankinson/Cappuccino.tmbundle,2013-02-20T01:06:29Z,0,0,Objective-J,True,True,
ahankinson,ahankinson/CappuccinoTranslator,2014-12-18T14:48:42Z,0,0,Objective-J,True,True,GNU General Public License v3.0
ahankinson,ahankinson/cdnjs,2019-03-31T16:03:33Z,0,0,,True,True,MIT License
ahankinson,ahankinson/cookbook-recipes,2020-06-24T07:27:25Z,0,0,,True,True,
ahankinson,ahankinson/core-extra,2023-09-01T14:12:25Z,0,0,,True,True,Other
ahankinson,ahankinson/CPTextView,2014-01-19T16:43:56Z,0,0,Objective-J,True,True,
ahankinson,ahankinson/dact-chant.github.io,2021-10-11T09:06:29Z,0,0,,True,True,
ahankinson,ahankinson/diva.js,2011-05-27T19:44:17Z,1,1,JavaScript,True,True,Other
ahankinson,ahankinson/django-dynamic-raw-id,2018-01-21T12:50:27Z,0,0,Python,True,False,MIT License
ahankinson,ahankinson/django-extensions,2015-12-09T21:20:08Z,0,0,Python,True,True,MIT License
ahankinson,ahankinson/django-rest-framework,2020-10-05T12:09:52Z,0,0,,True,False,Other
ahankinson,ahankinson/DjangoTutorial,2016-05-03T18:02:29Z,0,0,Python,True,True,
ahankinson,ahankinson/dmt-metadata-transformation,2017-02-15T13:10:14Z,0,0,Python,True,True,MIT License
ahankinson,ahankinson/elm-designer,2021-02-09T13:50:34Z,0,0,,True,False,Other
underdoeg,underdoeg/Arc-theme,2015-07-29T10:29:02Z,0,0,CSS,True,True,GNU General Public License v3.0
underdoeg,underdoeg/arcore-android-sdk,2022-11-22T18:15:17Z,0,0,,True,True,Other
underdoeg,underdoeg/ASI,2010-08-28T09:40:33Z,1,1,C,True,True,
underdoeg,underdoeg/blender,2023-02-06T13:15:21Z,0,0,,True,False,Other
underdoeg,underdoeg/cluttermm,2016-08-09T13:05:29Z,0,0,Scheme,True,False,GNU Lesser General Public License v2.1
underdoeg,underdoeg/controller,2021-08-02T13:44:05Z,0,0,C++,True,True,The Unlicense
underdoeg,underdoeg/cppWebDoc,2011-11-16T17:59:50Z,1,1,Python,True,True,
underdoeg,underdoeg/datasynth,2011-08-03T17:00:39Z,1,1,C++,True,True,
underdoeg,underdoeg/digimend-kernel-drivers,2020-01-11T20:22:45Z,0,0,C,True,True,GNU General Public License v2.0
underdoeg,underdoeg/django-cabinet,2020-12-15T13:41:37Z,0,0,Python,True,True,"BSD 3-Clause ""New"" or ""Revised"" License"
underdoeg,underdoeg/django-parler,2020-09-03T13:41:43Z,0,0,,True,True,Apache License 2.0
underdoeg,underdoeg/dsPlayground,2011-08-07T16:13:06Z,1,1,,True,True,
underdoeg,underdoeg/Dunjun,2015-12-07T16:45:50Z,0,0,C++,True,True,Other
underdoeg,underdoeg/Duration,2012-08-15T14:08:29Z,0,0,C++,True,True,
underdoeg,underdoeg/ecst,2016-11-06T14:19:24Z,0,0,C++,True,True,Other
underdoeg,underdoeg/EIRTeam.FFmpeg,2024-04-11T06:48:24Z,0,0,,True,False,MIT License
underdoeg,underdoeg/filewatch,2023-05-04T11:59:50Z,0,0,,True,True,MIT License
underdoeg,underdoeg/ghost,2011-07-20T11:00:55Z,1,1,C++,True,True,
underdoeg,underdoeg/GIMP-ML-Hub,2023-12-21T14:47:53Z,0,0,,True,True,MIT License
underdoeg,underdoeg/gitCrashCourse,2012-06-18T18:50:17Z,4,4,,True,True,
underdoeg,underdoeg/glfw,2012-03-31T16:19:27Z,1,1,C,True,True,zlib License
underdoeg,underdoeg/glitch.js,2012-05-16T16:25:37Z,5,5,JavaScript,True,True,
underdoeg,underdoeg/gnome-openerp,2013-05-06T17:49:08Z,0,0,JavaScript,True,True,
underdoeg,underdoeg/gnome-shell-extension-arch-linux-icon,2013-09-14T14:16:48Z,0,0,JavaScript,True,True,
underdoeg,underdoeg/gnome-shell-pano,2024-03-24T09:48:41Z,0,0,TypeScript,True,True,GNU General Public License v2.0
underdoeg,underdoeg/godot,2020-05-03T09:54:08Z,0,0,,True,False,MIT License
underdoeg,underdoeg/godot-cpp,2019-04-11T09:55:40Z,0,0,C++,True,True,MIT License
underdoeg,underdoeg/godot-depth-camera-test,2017-03-11T22:30:28Z,4,4,C++,True,True,
underdoeg,underdoeg/godot-mpv,2023-08-21T15:57:47Z,3,3,C++,True,True,
underdoeg,underdoeg/godot-state-machine,2023-04-25T15:40:03Z,3,3,GDScript,True,False,
maysam,maysam/2048_android,2015-05-17T18:54:07Z,1,1,Java,True,True,
maysam,maysam/4sqautocomplete,2012-03-29T06:53:02Z,1,1,JavaScript,True,True,
maysam,maysam/ac-eee-app,2019-03-03T09:25:37Z,0,0,JavaScript,True,True,
maysam,maysam/activeadmin,2015-08-06T13:40:10Z,0,0,Ruby,True,True,MIT License
maysam,maysam/active_admin_theme,2015-08-06T11:21:10Z,0,0,CSS,True,True,MIT License
maysam,maysam/ai-challange,2011-12-28T03:42:14Z,1,1,PHP,True,True,
maysam,maysam/Android-Live-Wallpaper-World-Clocks,2022-03-06T20:24:59Z,2,2,Kotlin,True,True,
maysam,maysam/AntCam,2024-10-01T10:28:24Z,0,0,,True,True,
maysam,maysam/atn1,2018-01-01T10:59:33Z,0,0,C#,True,True,
maysam,maysam/auth_client,2018-03-01T16:14:12Z,0,0,JavaScript,True,True,
maysam,maysam/auth_server,2018-02-13T19:33:01Z,0,0,Ruby,True,True,
maysam,maysam/aws-amplify-example,2021-02-24T13:20:43Z,1,1,JavaScript,True,True,
maysam,maysam/axmax,2017-10-17T10:28:45Z,0,0,Java,True,True,
maysam,maysam/baby_cry_detection,2017-10-26T20:22:35Z,1,1,Python,True,True,
maysam,maysam/baloon,2014-07-16T11:25:44Z,1,1,JavaScript,True,True,
maysam,maysam/BaltimoreTechWebsite,2019-02-21T20:55:16Z,0,0,HTML,True,True,
maysam,maysam/bamboo_sendinblue,2022-03-16T23:57:43Z,1,1,Elixir,False,False,MIT License
maysam,maysam/batman,2013-09-26T19:28:18Z,0,0,CoffeeScript,True,True,MIT License
maysam,maysam/Better-Validations,2022-01-18T15:50:13Z,1,1,Ruby,True,True,MIT License
maysam,maysam/BiggerCheck,2012-01-26T09:02:21Z,1,1,JavaScript,True,True,
maysam,maysam/blabbertabber,2018-09-02T21:04:44Z,0,0,Java,True,True,GNU Affero General Public License v3.0
maysam,maysam/braincheck,2012-01-05T15:33:07Z,1,1,JavaScript,True,True,
maysam,maysam/capmo-frontend-challenge,2020-03-29T15:03:11Z,0,0,JavaScript,False,False,
maysam,maysam/Chart.js,2016-03-24T17:33:25Z,0,0,JavaScript,True,False,MIT License
maysam,maysam/checklisted.me,2017-06-29T07:41:01Z,0,0,,True,True,
maysam,maysam/CircleDisplay,2016-09-02T17:25:42Z,0,0,Java,True,True,
maysam,maysam/ckeditor5-anchor,2021-09-22T08:45:05Z,1,1,,True,True,
maysam,maysam/clark_the_insurance_manager,2019-06-22T14:25:04Z,0,0,Ruby,True,True,
maysam,maysam/coinjar_challenge,2020-02-16T12:10:05Z,1,1,Ruby,True,True,
maysam,maysam/connect-four-haskell,2017-01-28T05:20:19Z,1,1,Haskell,True,True,
yperbasis,yperbasis/akula,2021-12-26T14:46:05Z,1,1,Rust,True,False,Apache License 2.0
yperbasis,yperbasis/bor,2023-10-22T21:10:14Z,0,0,,True,True,GNU Lesser General Public License v3.0
yperbasis,yperbasis/btree,2023-08-16T11:50:02Z,0,0,,True,False,MIT License
yperbasis,yperbasis/cbor-cpp,2021-11-05T16:41:14Z,1,1,,True,True,
yperbasis,yperbasis/CRoaring,2022-01-03T14:17:39Z,1,1,,True,True,Apache License 2.0
yperbasis,yperbasis/EIPs,2023-04-06T14:53:31Z,0,0,Python,True,False,Creative Commons Zero v1.0 Universal
yperbasis,yperbasis/execution-spec-tests,2023-10-16T18:58:45Z,0,0,Python,True,True,MIT License
yperbasis,yperbasis/execution-specs,2022-09-02T09:28:23Z,1,1,Python,True,True,Creative Commons Zero v1.0 Universal
yperbasis,yperbasis/go-ethereum,2022-09-02T14:43:41Z,1,1,Go,True,True,GNU Lesser General Public License v3.0
yperbasis,yperbasis/hive,2022-06-02T11:25:40Z,1,1,Go,True,False,GNU General Public License v3.0
yperbasis,yperbasis/hunter,2022-05-06T15:54:41Z,1,1,,True,True,"BSD 2-Clause ""Simplified"" License"
yperbasis,yperbasis/ISHPullUp,2018-07-27T17:56:40Z,1,1,Objective-C,True,False,MIT License
yperbasis,yperbasis/libmdbx,2021-09-03T09:16:09Z,1,1,C,True,True,Other
yperbasis,yperbasis/linear-vs-binary-search,2021-07-28T14:06:38Z,1,1,C++,True,True,MIT License
yperbasis,yperbasis/membership,2023-12-08T10:59:35Z,0,0,,True,True,
yperbasis,yperbasis/nethermind,2022-09-23T08:22:25Z,1,1,C#,True,False,GNU General Public License v3.0
yperbasis,yperbasis/silkworm,2019-02-04T18:33:27Z,11,11,C++,True,True,Apache License 2.0
alexarnimueller,alexarnimueller/active_learning_peptides,2018-09-02T20:12:20Z,3,3,Python,True,True,"BSD 3-Clause ""New"" or ""Revised"" License"
alexarnimueller,alexarnimueller/alexarnimueller,2023-12-28T16:50:18Z,0,0,,True,True,
alexarnimueller,alexarnimueller/aoc2023,2023-12-10T13:44:43Z,0,0,Python,True,False,
alexarnimueller,alexarnimueller/aoc_2022,2022-12-01T08:14:53Z,1,1,Python,True,True,MIT License
alexarnimueller,alexarnimueller/audio-pi,2022-10-22T19:01:42Z,0,0,Python,True,True,
alexarnimueller,alexarnimueller/audio_tokens,2024-03-17T14:53:26Z,0,0,JavaScript,True,True,
alexarnimueller,alexarnimueller/cats-descriptor,2020-03-09T14:29:29Z,7,7,Python,True,True,MIT License
alexarnimueller,alexarnimueller/coffee-pi,2021-02-07T10:03:53Z,1,1,Python,True,True,MIT License
alexarnimueller,alexarnimueller/effgee,2022-10-14T08:38:30Z,0,0,Jupyter Notebook,True,True,"BSD 2-Clause ""Simplified"" License"
alexarnimueller,alexarnimueller/erikas,2017-08-24T20:55:04Z,0,0,JavaScript,True,True,
alexarnimueller,alexarnimueller/erikas-secret,2023-04-07T17:04:47Z,0,0,Python,True,True,
alexarnimueller,alexarnimueller/fdd,2022-03-18T20:31:44Z,0,0,HTML,True,True,
alexarnimueller,alexarnimueller/g-plip,2024-04-16T09:45:14Z,0,0,,True,True,Other
alexarnimueller,alexarnimueller/giraffe,2024-03-10T17:44:32Z,7,7,Python,True,False,MIT License
alexarnimueller,alexarnimueller/Keras-GAN,2018-10-09T19:22:04Z,0,0,Python,True,True,MIT License
alexarnimueller,alexarnimueller/kraken-dca,2023-05-05T16:12:17Z,0,0,,True,True,GNU General Public License v3.0
alexarnimueller,alexarnimueller/learning-jax,2024-03-29T21:58:44Z,0,0,Python,True,True,
alexarnimueller,alexarnimueller/LSTM_peptides,2017-11-06T15:03:51Z,71,71,Python,True,True,Other
alexarnimueller,alexarnimueller/modlAMP,2017-08-22T13:15:24Z,52,52,Python,True,True,Other
alexarnimueller,alexarnimueller/MolecularTransformer,2019-10-25T14:45:07Z,0,0,,True,True,Other
alexarnimueller,alexarnimueller/MolGAN,2020-01-23T07:40:53Z,0,0,Python,True,True,MIT License
alexarnimueller,alexarnimueller/mrilab,2017-03-10T13:57:16Z,0,0,Python,True,True,
alexarnimueller,alexarnimueller/ord-play,2023-07-13T15:24:27Z,0,0,,True,True,
alexarnimueller,alexarnimueller/pepevolve,2018-01-11T17:30:03Z,1,1,Python,True,True,MIT License
alexarnimueller,alexarnimueller/REINVENT,2020-03-10T16:23:14Z,0,0,Python,True,True,MIT License
alexarnimueller,alexarnimueller/reinvent-pl,2020-04-01T10:57:40Z,0,0,,True,True,
alexarnimueller,alexarnimueller/reinvent-scaffold-decorator,2020-01-29T09:57:26Z,0,0,,True,True,MIT License
alexarnimueller,alexarnimueller/retrosynthesis,2020-03-16T13:40:18Z,0,0,Python,True,True,
alexarnimueller,alexarnimueller/security-cam,2019-07-31T15:00:59Z,0,0,Python,True,True,
alexarnimueller,alexarnimueller/semla-flow,2024-09-02T18:17:36Z,0,0,Python,True,False,MIT License
MaxGfeller,MaxGfeller/24pullrequests,2014-12-05T10:17:15Z,0,0,Ruby,True,True,MIT License
MaxGfeller,MaxGfeller/ampersand-tab-view,2015-03-01T19:20:52Z,1,1,JavaScript,True,True,
MaxGfeller,MaxGfeller/apply-css,2014-09-19T08:06:07Z,1,1,JavaScript,True,True,
MaxGfeller,MaxGfeller/apply-css-demo,2015-01-08T18:47:54Z,0,0,CSS,True,True,
MaxGfeller,MaxGfeller/array-patch,2018-04-07T14:13:43Z,2,2,JavaScript,True,True,
MaxGfeller,MaxGfeller/attr-bind-change,2014-11-07T17:09:00Z,0,0,JavaScript,True,True,Other
MaxGfeller,MaxGfeller/automerge,2019-10-27T07:42:11Z,0,0,,True,True,MIT License
MaxGfeller,MaxGfeller/awesome-electron,2016-07-30T10:04:29Z,0,0,,True,False,
MaxGfeller,MaxGfeller/awesome-vue,2018-12-07T11:10:33Z,0,0,,True,False,
MaxGfeller,MaxGfeller/awesomplete,2015-02-27T17:43:50Z,0,0,HTML,True,True,MIT License
MaxGfeller,MaxGfeller/backbone-example-mongee-client,2012-05-27T20:13:37Z,1,1,,True,True,
MaxGfeller,MaxGfeller/BigTree-CMS,2015-09-29T07:33:54Z,0,0,JavaScript,True,True,Other
MaxGfeller,MaxGfeller/blog,2014-11-28T11:28:37Z,0,0,,True,True,
MaxGfeller,MaxGfeller/blueprint,2011-12-19T18:50:05Z,1,1,JavaScript,True,True,MIT License
MaxGfeller,MaxGfeller/browserify-widget,2014-06-04T18:17:28Z,1,1,JavaScript,True,True,
MaxGfeller,MaxGfeller/Building-Blocks,2014-06-14T08:55:33Z,0,0,CSS,True,True,Other
MaxGfeller,MaxGfeller/Cachet,2015-10-15T13:32:10Z,0,0,PHP,True,False,"BSD 3-Clause ""New"" or ""Revised"" License"
MaxGfeller,MaxGfeller/chrome-karma-docker,2017-12-01T11:01:07Z,0,0,JavaScript,True,True,
MaxGfeller,MaxGfeller/code-mirror,2014-04-16T14:36:04Z,0,0,JavaScript,True,True,MIT License
MaxGfeller,MaxGfeller/composer,2014-12-05T09:25:10Z,0,0,PHP,True,False,MIT License
MaxGfeller,MaxGfeller/composer-changelogs,2015-10-21T09:01:08Z,0,0,PHP,True,True,MIT License
MaxGfeller,MaxGfeller/Countable,2014-08-12T12:53:30Z,0,0,,True,True,MIT License
MaxGfeller,MaxGfeller/currency,2014-02-06T17:42:49Z,0,0,PHP,True,True,Other
MaxGfeller,MaxGfeller/dahlheim.ch,2022-03-10T15:02:59Z,0,0,,True,True,
MaxGfeller,MaxGfeller/dat,2014-12-24T08:37:20Z,0,0,JavaScript,True,True,"BSD 2-Clause ""Simplified"" License"
MaxGfeller,MaxGfeller/dbal,2014-12-09T12:07:39Z,0,0,PHP,True,False,MIT License
MaxGfeller,MaxGfeller/deep-child-element-count,2018-03-07T09:53:49Z,0,0,JavaScript,True,True,
MaxGfeller,MaxGfeller/demo-level-index,2014-06-30T19:05:29Z,0,0,JavaScript,True,True,
MaxGfeller,MaxGfeller/desktop,2016-05-17T11:45:50Z,0,0,CSS,True,True,Other
MaxGfeller,MaxGfeller/do-not-disturb,2012-11-07T21:08:10Z,0,0,JavaScript,True,True,
andersx,andersx/ambermini,2016-11-20T08:56:37Z,0,0,C,True,True,Other
andersx,andersx/amine-calc,2016-12-08T12:40:38Z,0,0,Python,True,True,MIT License
andersx,andersx/andersx,2020-07-14T05:48:57Z,0,0,,True,True,Creative Commons Zero v1.0 Universal
andersx,andersx/andersx.github.io,2015-08-09T20:00:46Z,0,0,HTML,True,True,
andersx,andersx/appc-sample-ti500,2017-02-11T13:06:45Z,0,0,JavaScript,True,True,Other
andersx,andersx/auto-ts,2016-11-21T13:52:07Z,9,9,Python,True,True,MIT License
andersx,andersx/basilea-beamer,2018-04-11T09:22:09Z,0,0,TeX,True,True,MIT License
andersx,andersx/beamer-gif,2018-04-12T11:17:17Z,2,2,TeX,True,True,The Unlicense
andersx,andersx/boss-representation,2018-02-27T10:53:30Z,2,2,Fortran,True,True,MIT License
andersx,andersx/camshift-phaistos,2014-06-02T08:03:05Z,0,0,C++,True,True,
andersx,andersx/cclib,2015-09-12T21:01:59Z,0,0,Python,True,True,GNU Lesser General Public License v2.1
andersx,andersx/charmm-dftb-py,2014-11-04T16:45:41Z,1,1,Python,True,True,The Unlicense
andersx,andersx/charmm36,2014-05-18T14:11:39Z,1,1,C++,True,True,GNU General Public License v3.0
andersx,andersx/charmm36-ml,2016-11-18T09:37:18Z,0,0,,True,True,GNU General Public License v3.0
andersx,andersx/check-sdf,2018-01-08T16:02:51Z,6,6,Python,True,True,MIT License
andersx,andersx/cholesky-py-mkl-parallel,2016-10-12T13:25:16Z,0,0,Python,True,True,MIT License
andersx,andersx/CodeSnippets,2014-04-27T22:58:04Z,0,0,Python,True,True,
andersx,andersx/cpe-gradient-latex,2015-04-29T16:57:55Z,1,1,TeX,True,True,Creative Commons Zero v1.0 Universal
andersx,andersx/cpe-source,2014-09-22T16:53:00Z,1,1,FORTRAN,True,True,
andersx,andersx/cqmlwrapper,2018-02-22T13:55:32Z,0,0,Fortran,True,True,MIT License
andersx,andersx/cs-proteins,2014-03-03T11:52:00Z,0,0,Python,True,True,The Unlicense
andersx,andersx/dftb3-delta-machine,2016-10-11T15:47:19Z,3,3,Python,True,True,MIT License
andersx,andersx/dftbfit,2015-08-29T17:58:45Z,2,2,Python,True,True,"BSD 2-Clause ""Simplified"" License"
andersx,andersx/dftd3-wrapper,2014-09-10T01:20:29Z,1,1,FORTRAN,True,True,GNU General Public License v2.0
andersx,andersx/errorlearn,2017-05-24T10:26:53Z,4,4,Python,True,True,MIT License
andersx,andersx/ezpickle,2016-10-07T12:48:56Z,0,0,Python,True,True,MIT License
andersx,andersx/fep-ml,2017-05-08T11:52:50Z,1,1,Python,True,True,MIT License
andersx,andersx/fitmndod,2016-11-11T13:55:28Z,0,0,Python,True,True,MIT License
andersx,andersx/flut,2016-12-15T09:22:05Z,0,0,FORTRAN,True,True,MIT License
andersx,andersx/fml,2016-10-27T17:47:35Z,4,4,Fortran,True,True,MIT License
